date,open,high,low,close,volume
2010-01-01,222.38,222.38,222.38,222.38,
2010-01-04,222.38,224.38,222.38,223.58,
2010-01-05,224.78,224.78,222.68,223.18,
2010-01-06,223.63,225.73,223.63,224.93,
2010-01-07,224.98,225.28,221.83,222.08,
2010-01-08,222.73,223.43,220.23,223.03,
2010-01-11,223.58,224.58,222.73,222.73,
2010-01-12,222.98,223.43,221.13,223.33,
2010-01-13,221.43,221.63,219.13,219.58,
2010-01-14,220.28,223.03,220.13,222.08,
2010-01-15,222.38,223.83,221.33,222.93,
2010-01-18,222.38,225.03,221.28,224.23,
2010-01-19,225.65,225.83,223.63,224.58,
2010-01-20,225.73,225.78,223.78,224.58,
2010-01-21,226.33,226.33,226.33,226.33,
2010-01-22,223.68,224.03,217.93,220.18,
2010-01-25,217.53,220.48,217.13,219.13,
2010-01-26,218.58,218.83,213.23,214.48,
2010-01-27,214.93,215.38,212.58,212.58,
2010-01-28,213.53,216.33,212.43,215.28,
2010-01-29,212.63,213.38,209.33,210.03,
2010-01-31,209.88,209.88,209.88,209.88,
2010-02-01,209.53,211.28,208.68,209.88,
2010-02-02,211.03,211.78,208.35,208.68,
2010-02-03,211.08,211.93,209.58,211.38,
2010-02-04,211.35,211.78,210.13,210.78,
2010-02-05,204.53,204.53,204.53,204.53,
2010-02-08,204.38,204.48,202.88,203.23,
2010-02-09,203.23,205.48,202.9,205.13,
2010-02-10,206.28,206.53,204.48,205.43,
2010-02-11,206.25,210.13,206.15,208.58,
2010-02-12,208.83,208.93,205.68,207.83,
2010-02-16,207.58,210.93,207.28,209.48,
2010-02-17,211.53,213.83,211.43,213.48,
2010-02-18,213.53,213.58,212.08,212.78,
2010-02-19,210.98,212.78,208.03,208.73,
2010-02-22,211.88,214.28,211.88,213.23,
2010-02-23,213.2,213.63,211.68,213.43,
2010-02-24,211.68,212.08,209.93,210.88,
2010-02-25,211.53,211.73,206.35,207.03,
2010-02-26,208.15,209.03,206.83,207.63,
2010-03-01,207.68,207.68,207.68,207.68,
2010-03-02,210.28,212.38,210.23,211.33,
2010-03-03,211.18,212.03,210.98,212.03,
2010-03-04,212.48,213.28,210.78,211.48,
2010-03-05,212.23,214.33,212.23,214.33,
2010-03-08,216.55,218.08,216.55,217.73,
2010-03-09,217.45,218.23,217.18,218.23,
2010-03-10,218.38,218.48,217.1,218.13,
2010-03-11,218.98,219.58,216.98,217.33,
2010-03-12,218.5,219.13,216.93,218.33,
2010-03-15,218.53,218.98,214.93,215.98,
2010-03-16,216.78,217.08,215.28,216.38,
2010-03-17,218.13,221.18,217.93,220.83,
2010-03-18,220.28,221.38,219.63,220.08,
2010-03-19,220.93,221.33,219.93,221.33,
2010-03-22,219.33,219.33,219.33,219.33,
2010-03-23,220.98,221.73,220.28,220.98,
2010-03-24,222.43,222.68,220.48,221.18,
2010-03-25,221.13,221.88,220.58,221.28,
2010-03-26,220.98,222.58,219.88,222.23,
2010-03-29,220.75,223.03,220.68,222.28,
2010-03-30,223.58,223.68,222.53,223.23,
2010-03-31,223.18,223.18,221.73,222.43,
2010-04-01,223.28,226.38,223.08,226.03,
2010-04-02,226.48,227.23,225.78,227.23,
2010-04-05,227.68,228.43,226.68,228.43,
2010-04-06,229.03,229.08,227.63,228.33,
2010-04-07,228.43,228.83,227.98,227.98,
2010-04-08,227.48,229.08,227.35,229.08,
2010-04-09,228.53,228.93,225.38,227.13,
2010-04-12,228.38,228.78,224.43,225.45,
2010-04-13,225.58,226.23,223.78,225.58,
2010-04-14,227.08,229.18,226.83,228.48,
2010-04-15,229.78,230.03,228.13,229.58,
2010-04-16,229.13,229.23,226.23,227.98,
2010-04-19,225.38,226.53,223.33,223.68,
2010-04-20,224.88,225.83,224.13,225.13,
2010-04-21,226.88,229.78,226.88,228.73,
2010-04-22,227.45,228.38,226.18,228.38,
2010-04-23,228.93,229.08,226.93,227.63,
2010-04-26,229.18,231.33,228.93,229.88,
2010-04-27,229.38,230.23,228.88,229.88,
2010-04-28,225.05,226.88,224.9,226.53,
2010-04-29,227.38,227.38,225.13,226.58,
2010-04-30,227.93,229.03,227.73,228.33,
2010-05-03,225.73,225.78,224.58,224.93,
2010-05-04,225.98,226.78,224.18,224.88,
2010-05-06,220.18,220.63,219.08,219.78,
2010-05-07,212.58,216.08,212.1,215.08,
2010-05-10,216.58,218.93,215.68,218.53,
2010-05-11,220.58,220.58,216.63,217.33,
2010-05-12,218.13,219.48,216.08,216.08,
2010-05-13,218.93,221.98,218.93,221.28,
2010-05-14,219.68,221.63,217.93,220.53,
2010-05-17,216.53,217.18,214.23,215.53,
2010-05-18,216.78,216.88,213.18,214.58,
2010-05-19,211.33,212.43,209.38,212.43,
2010-05-20,211.38,213.13,207.73,209.13,
2010-05-24,207.88,211.08,207.28,209.63,
2010-05-25,207.08,207.43,201.93,204.23,
2010-05-26,207.23,207.43,203.18,204.98,
2010-05-27,204.23,211.98,203.68,211.98,
2010-05-28,211.93,211.98,209.63,211.38,
2010-05-30,211.93,212.15,211.93,212.15,
2010-05-31,212.13,213.68,211.43,213.23,
2010-06-01,212.6,213.63,211.43,211.43,
2010-06-02,211.43,211.43,211.43,211.43,
2010-06-03,214.28,217.98,213.88,217.23,
2010-06-04,217.18,218.53,216.85,218.53,
2010-06-06,213.7,213.93,213.7,213.93,
2010-06-07,213.98,214.63,211.88,214.33,
2010-06-08,214.28,216.93,212.93,215.73,
2010-06-09,215.68,216.9,214.13,216.55,
2010-06-10,216.48,219.58,214.93,219.58,
2010-06-11,219.48,220.58,217.98,220.13,
2010-06-13,220.83,221.08,220.83,221.03,
2010-06-14,221.23,223.68,221.18,221.63,
2010-06-15,221.53,224.63,221.28,224.43,
2010-06-16,224.33,224.93,223.18,224.13,
2010-06-17,224.05,225.08,223.83,224.98,
2010-06-18,225.03,225.13,223.68,224.73,
2010-06-20,227.53,227.63,227.43,227.48,
2010-06-21,227.53,229.23,226.43,226.73,
2010-06-22,226.83,227.88,226.23,226.38,
2010-06-23,226.48,227.58,225.73,225.73,
2010-06-24,225.78,228.58,225.68,226.08,
2010-06-25,226.03,227.18,225.03,226.43,
2010-06-28,226.73,227.13,225.6,227.13,
2010-06-29,227.08,227.93,223.43,223.78,
2010-06-30,220.2,221.73,219.68,221.03,
2010-07-01,219.68,220.58,216.43,218.83,
2010-07-02,219.28,219.9,216.98,217.33,
2010-07-04,217.33,218.08,217.33,218.08,
2010-07-05,218.03,218.43,216.73,217.73,
2010-07-06,215.9,219.23,214.13,218.68,
2010-07-07,218.48,218.48,216.48,217.88,
2010-07-08,220.83,222.78,220.43,222.33,
2010-07-09,222.38,225.33,221.28,225.33,
2010-07-11,225.18,226.08,225.18,225.68,
2010-07-12,225.78,227.13,225.08,227.08,
2010-07-13,227.13,230.13,226.73,230.03,
2010-07-14,229.98,231.43,229.98,230.38,
2010-07-15,229.83,230.58,229.28,229.53,
2010-07-16,229.28,229.93,227.18,227.53,
2010-07-18,227.33,227.33,227.33,227.33,
2010-07-19,224.6,227.33,224.08,225.98,
2010-07-20,224.98,227.03,224.38,226.28,
2010-07-21,229.1,229.18,226.93,228.33,
2010-07-22,227.68,229.08,226.63,226.63,
2010-07-23,229.48,230.48,228.48,229.78,
2010-07-25,230.08,230.08,230.08,230.08,
2010-07-26,230.38,231.73,230.28,231.38,
2010-07-27,231.88,232.33,231.33,231.68,
2010-07-30,231.73,232.08,229.83,230.18,
2010-08-01,230.08,230.08,230.08,230.08,
2010-08-02,231.48,233.73,231.28,233.33,
2010-08-03,234.33,234.48,233.73,234.13,
2010-08-04,234.43,234.48,232.58,233.68,
2010-08-05,234.88,235.18,232.18,233.63,
2010-08-06,233.13,233.68,231.68,233.33,
2010-08-08,233.28,233.28,233.28,233.28,
2010-08-09,232.18,233.98,231.78,233.98,
2010-08-11,231.93,232.08,228.58,228.58,
2010-08-12,225.88,226.73,224.28,224.58,
2010-08-13,224.78,227.18,224.28,226.83,
2010-08-15,226.58,226.58,226.58,226.58,
2010-08-16,225.28,226.68,222.73,226.68,
2010-08-17,224.93,228.58,224.58,228.58,
2010-08-18,228.85,229.23,227.68,229.08,
2010-08-19,228.78,232.63,228.68,232.28,
2010-08-20,230.98,232.18,230.33,231.73,
2010-08-22,231.63,231.63,231.63,231.63,
2010-08-23,232.18,234.08,230.73,230.73,
2010-08-24,229.03,231.68,227.83,229.58,
2010-08-25,227.68,228.83,226.03,226.03,
2010-08-26,227.08,227.43,225.43,225.43,
2010-08-27,224.68,225.93,224.08,225.23,
2010-08-29,225.38,225.38,225.38,225.38,
2010-08-30,227.83,229.88,227.53,229.88,
2010-08-31,228.28,228.58,226.33,226.68,
2010-09-01,227.53,230.33,227.33,229.98,
2010-09-02,232.23,232.33,229.88,231.63,
2010-09-03,232.03,232.63,231.33,231.33,
2010-09-05,231.33,231.33,231.33,231.33,
2010-09-06,232.63,233.38,232.33,233.38,
2010-09-07,232.78,233.38,232.53,232.53,
2010-09-08,232.53,232.95,231.08,232.18,
2010-09-09,232.83,233.88,231.43,233.18,
2010-09-10,234.68,236.93,234.13,236.13,
2010-09-12,235.78,235.78,235.78,235.78,
2010-09-13,237.28,238.43,236.83,238.03,
2010-09-14,238.23,238.53,237.38,237.78,
2010-09-15,238.03,239.33,237.48,238.68,
2010-09-16,238.38,238.83,237.03,237.03,
2010-09-17,238.48,239.38,237.23,238.58,
2010-09-20,238.03,240.03,237.38,239.63,
2010-09-24,239.18,240.93,238.38,240.48,
2010-09-27,241.83,242.73,241.48,242.33,
2010-09-28,242.33,242.58,241.88,242.18,
2010-09-29,242.73,244.93,242.58,243.68,
2010-09-30,243.83,244.18,243.28,244.18,
2010-10-01,244.08,246.23,243.78,245.03,
2010-10-04,245.43,246.03,244.73,245.13,
2010-10-05,244.63,245.83,244.28,245.48,
2010-10-06,247.28,249.18,247.1,248.78,
2010-10-07,248.83,248.83,247.88,248.28,
2010-10-08,248.33,248.58,246.93,247.78,
2010-10-11,249.03,249.03,246.33,246.33,
2010-10-12,246.85,247.03,242.23,243.03,
2010-10-13,244.38,244.98,242.83,244.03,
2010-10-14,245.48,247.73,245.23,247.73,
2010-10-15,247.08,247.98,246.23,247.98,
2010-10-18,247.63,247.93,242.88,242.88,
2010-10-19,243.48,244.23,239.93,239.93,
2010-10-20,239.48,243.1,237.43,241.83,
2010-10-21,242.98,243.23,239.93,242.83,
2010-10-22,243.9,246.33,243.28,245.93,
2010-10-25,246.48,249.53,246.28,248.73,
2010-10-26,248.18,248.93,247.68,248.53,
2010-10-27,248.18,249.33,245.88,246.68,
2010-10-28,246.68,247.43,246.03,246.83,
2010-10-29,247.38,247.73,242.03,242.48,
2010-11-01,243.75,247.95,242.88,247.95,
2010-11-02,247.43,248.43,246.68,248.03,
2010-11-03,249.13,251.58,249.13,250.33,
2010-11-04,250.88,251.88,250.73,251.08,
2010-11-05,253.58,255.48,251.23,251.63,
2010-11-08,252.7,252.93,250.43,252.03,
2010-11-09,252.75,252.88,251.18,252.88,
2010-11-10,252.58,256.03,252.18,256.03,
2010-11-11,255.43,257.52,253.28,254.93,
2010-11-12,253.53,255.08,247.68,249.08,
2010-11-15,249.48,251.43,248.48,249.28,
2010-11-16,249.38,250.43,246.63,247.58,
2010-11-17,245.35,248.98,245.28,247.33,
2010-11-18,248.43,251.78,248.18,251.38,
2010-11-19,252.38,253.38,251.23,253.38,
2010-11-22,254.28,255.3,253.03,253.98,
2010-11-23,253.28,253.83,250.53,251.43,
2010-11-24,247.28,252.63,247.18,252.23,
2010-11-25,253.13,253.73,250.43,252.83,
2010-11-26,253.23,253.73,248.68,249.93,
2010-11-29,249.93,251.68,247.68,248.88,
2010-11-30,248.28,252.03,248.03,250.43,
2010-12-01,250.73,253.23,249.68,253.23,
2010-12-02,254.43,256.37,254.18,256.37,
2010-12-03,257.67,258.02,257.58,258.02,
2010-12-06,258.08,258.23,256.77,257.98,
2010-12-07,257.77,259.08,257.42,258.67,
2010-12-08,257.98,259.58,256.52,256.52,
2010-12-09,257.67,261.5,257.33,261.08,
2010-12-10,260.48,261.8,260.08,261.8,
2010-12-12,261.8,261.8,261.8,261.8,
2010-12-13,262.17,263.12,260.87,263.12,
2010-12-14,263.17,264.08,262.42,264.08,
2010-12-15,263.67,264.73,263.02,264.73,
2010-12-16,263.73,265.23,263.17,263.98,
2010-12-17,264.62,266.62,263.98,266.17,
2010-12-20,264.73,266.12,262.62,265.83,
2010-12-21,267.33,269.37,267.23,268.42,
2010-12-22,268.27,268.87,267.87,268.42,
2010-12-23,268.73,268.87,267.12,268.52,
2010-12-24,268.58,269.23,267.42,267.42,
2010-12-27,266.52,268.52,266.27,266.73,
2010-12-28,267.62,269.92,267.42,268.98,
2010-12-29,269.02,272.12,268.87,272.12,
2010-12-30,272.37,273.62,271.83,273.62,
2010-12-31,273.58,273.58,273.58,273.58,
2011-01-03,274.42,275.23,273.83,274.77,
2011-01-04,275.08,276.98,274.92,276.98,
2011-01-05,276.42,276.98,276.12,276.52,
2011-01-06,277.48,278.12,274.58,275.98,
2011-01-07,275.02,277.37,274.67,277.37,
2011-01-10,276.2,276.73,274.08,275.48,
2011-01-11,275.17,276.42,272.48,276.42,
2011-01-12,276.23,277.37,275.83,276.87,
2011-01-13,276.48,279.23,275.17,275.17,
2011-01-14,276.02,278.87,273.75,278.42,
2011-01-17,278.62,279.92,277.62,277.62,
2011-01-18,276.93,279.17,276.37,276.42,
2011-01-19,277.85,280.08,275.27,279.58,
2011-01-20,278.48,279.08,277.58,278.02,
2011-01-21,277.92,277.92,272.33,272.75,
2011-01-23,272.48,272.48,272.48,272.48,
2011-01-24,272.27,274.87,272.12,274.42,
2011-01-25,275.77,277.98,275.37,275.83,
2011-01-26,277.4,279.48,277.02,279.02,
2011-01-27,279.73,280.42,278.87,279.33,
2011-01-28,279.42,279.87,277.12,278.98,
2011-01-31,275.25,276.48,273.27,273.27,
2011-02-01,275.12,275.52,273.48,273.92,
2011-02-02,273.92,273.92,273.92,273.92,
2011-02-04,273.92,273.92,273.92,273.92,
2011-02-07,277.77,278.98,274.42,274.42,
2011-02-08,275.73,276.08,272.73,272.73,
2011-02-09,273.87,274.02,269.08,269.55,
2011-02-10,268.45,269.52,264.48,264.92,
2011-02-11,264.67,266.87,259.73,260.17,
2011-02-14,263.23,266.23,261.98,265.87,
2011-02-15,265.92,268.23,264.12,264.87,
2011-02-16,264.92,267.12,262.62,262.62,
2011-02-17,264.02,264.98,259.02,261.48,
2011-02-18,263.02,265.87,261.77,265.42,
2011-02-21,265.7,265.73,262.17,263.98,
2011-02-22,260.58,261.42,258.33,259.73,
2011-02-23,258.77,261.12,258.02,259.67,
2011-02-24,259.12,260.58,257.12,257.73,
2011-02-25,258.23,259.33,256.87,258.92,
2011-02-28,257.8,258.48,255.58,255.83,
2011-03-01,255.83,255.83,255.83,255.83,
2011-03-02,254.28,256.25,253.83,254.73,
2011-03-03,256.12,259.98,256.08,259.98,
2011-03-04,262.27,265.98,261.73,265.17,
2011-03-07,264.37,264.92,260.58,260.98,
2011-03-08,261.67,265.12,260.48,263.08,
2011-03-09,264.73,266.33,262.45,263.83,
2011-03-10,263.42,263.83,259.42,261.83,
2011-03-11,258.27,260.23,256.92,257.33,
2011-03-14,258.02,261.98,255.58,261.98,
2011-03-15,261.43,263.67,250.23,254.73,
2011-03-16,258.87,261.23,256.48,260.52,
2011-03-17,255.13,261.12,255.13,260.27,
2011-03-18,260.73,264.62,260.23,263.17,
2011-03-21,263.42,265.92,263.27,265.92,
2011-03-22,266.62,267.17,265.67,267.17,
2011-03-23,267.37,268.27,265.62,266.58,
2011-03-24,267.7,270.37,267.7,270.27,
2011-03-25,273.1,273.58,271.73,273.17,
2011-03-28,273.15,273.92,272.42,273.92,
2011-03-29,273.58,275.92,272.92,275.92,
2011-03-30,276.32,280.27,276.08,278.87,
2011-03-31,279.23,280.62,278.58,280.62,
2011-04-01,280.12,282.52,280.12,282.52,
2011-04-04,282.37,282.77,280.62,281.98,
2011-04-05,282.42,284.02,280.87,284.02,
2011-04-06,283.33,284.73,282.1,283.08,
2011-04-07,284.1,284.17,280.87,281.77,
2011-04-08,281.92,284.17,281.17,282.17,
2011-04-11,282.17,283.37,280.62,281.58,
2011-04-12,280.58,280.73,276.87,277.33,
2011-04-13,277.27,281.98,275.67,281.98,
2011-04-14,280.77,284.58,279.12,283.08,
2011-04-15,282.87,284.02,281.52,283.67,
2011-04-18,283.92,284.52,281.48,282.37,
2011-04-19,280.12,282.42,279.27,280.73,
2011-04-20,283.52,288.08,283.27,288.08,
2011-04-21,290.62,294.92,290.37,292.87,
2011-04-22,292.58,293.23,291.77,292.23,
2011-04-25,292.87,294.48,292.17,293.52,
2011-04-26,293.92,294.37,291.83,292.73,
2011-04-27,294.92,296.77,291.98,293.33,
2011-04-28,293.83,295.58,291.42,292.73,
2011-04-29,292.73,294.27,289.67,291.02,
2011-05-02,292.52,296.87,292.37,296.42,
2011-05-03,296.02,296.33,291.67,292.58,
2011-05-04,292.25,292.67,289.17,289.33,
2011-05-05,289.73,289.73,289.73,289.73,
2011-05-06,286.42,286.43,283.62,284.12,
2011-05-09,285.5,286.42,281.92,281.92,
2011-05-10,281.98,281.98,281.98,281.98,
2011-05-11,284.62,286.33,283.52,285.87,
2011-05-12,282.42,284.33,279.12,279.12,
2011-05-13,280.95,281.12,277.52,279.33,
2011-05-16,277.35,278.37,276.17,276.17,
2011-05-17,276.33,277.87,275.67,276.62,
2011-05-18,277.8,281.83,277.52,281.37,
2011-05-19,281.83,282.12,274.92,276.73,
2011-05-20,277.12,278.58,275.17,278.58,
2011-05-23,276.73,276.73,270.62,270.62,
2011-05-24,270.62,272.62,270.17,271.27,
2011-05-25,272.9,274.23,267.37,268.37,
2011-05-26,270.98,276.73,270.98,275.73,
2011-05-27,275.27,278.77,274.73,277.23,
2011-05-30,279.23,279.23,274.67,276.08,
2011-05-31,277.33,284.33,276.92,282.92,
2011-06-01,283.02,284.17,281.33,283.12,
2011-06-02,277.37,280.73,276.37,278.92,
2011-06-03,279.77,281.08,278.33,279.17,
2011-06-07,278.4,279.52,277.18,278.73,
2011-06-08,278.43,279.83,273.83,275.17,
2011-06-09,274.62,275.58,272.73,273.83,
2011-06-10,275.23,276.37,269.17,269.62,
2011-06-13,267.98,271.98,267.73,271.52,
2011-06-14,270.42,276.17,269.73,275.23,
2011-06-15,275.68,276.73,272.58,275.77,
2011-06-16,272.12,273.42,269.48,269.98,
2011-06-17,271.33,271.42,264.52,267.52,
2011-06-20,267.87,269.27,265.37,265.37,
2011-06-21,268.37,270.73,265.73,270.08,
2011-06-22,272.52,274.08,271.55,272.23,
2011-06-23,270.67,272.27,269.83,270.23,
2011-06-24,271.77,276.02,271.77,275.92,
2011-06-27,274.0,274.0,270.58,272.48,
2011-06-28,275.07,276.83,271.48,271.92,
2011-06-29,276.87,277.27,274.58,275.98,
2011-06-30,276.98,277.83,275.58,276.48,
2011-07-01,279.73,281.42,279.17,280.48,
2011-07-04,283.17,284.52,282.67,283.62,
2011-07-05,283.58,286.02,283.58,286.02,
2011-07-06,285.23,287.12,285.08,287.12,
2011-07-07,286.48,288.92,286.17,288.02,
2011-07-08,289.23,289.27,287.33,287.77,
2011-07-11,286.57,286.67,284.02,284.48,
2011-07-12,281.27,281.42,277.17,277.17,
2011-07-13,278.33,279.83,277.12,279.42,
2011-07-14,277.92,278.98,275.23,278.98,
2011-07-15,277.92,280.77,277.52,280.33,
2011-07-18,280.42,280.58,276.27,277.27,
2011-07-19,277.18,279.02,276.52,277.42,
2011-07-20,281.67,282.67,281.17,282.12,
2011-07-21,282.05,282.27,279.62,280.58,
2011-07-22,283.12,284.48,282.17,283.98,
2011-07-25,281.83,281.83,280.12,281.17,
2011-07-26,282.25,283.48,280.83,283.48,
2011-07-27,281.6,284.62,280.98,284.17,
2011-07-28,278.33,282.17,278.33,281.23,
2011-07-29,281.75,281.92,277.77,277.77,
2011-08-01,281.73,284.52,281.65,283.62,
2011-08-02,280.42,281.08,275.62,275.98,
2011-08-03,271.3,271.3,267.33,267.33,
2011-08-04,268.7,268.7,261.33,261.83,
2011-08-05,251.38,255.88,250.4,251.73,
2011-08-08,249.45,252.13,231.83,242.13,
2011-08-09,234.33,237.83,218.53,232.9,
2011-08-10,241.6,242.15,230.98,231.7,
2011-08-11,224.2,237.05,224.1,233.28,
2011-08-12,235.8,237.38,229.33,230.13,
2011-08-15,230.08,230.08,230.08,230.08,
2011-08-16,238.68,242.28,237.58,241.48,
2011-08-17,240.35,245.68,240.23,242.03,
2011-08-18,242.83,243.28,234.4,237.55,
2011-08-19,228.7,229.58,222.5,222.88,
2011-08-22,223.03,225.83,218.13,220.53,
2011-08-23,221.98,229.48,220.88,227.73,
2011-08-24,229.28,230.63,222.88,225.03,
2011-08-25,229.85,231.7,226.13,226.38,
2011-08-26,225.58,229.08,225.03,228.58,
2011-08-29,231.53,236.73,229.28,235.08,
2011-08-30,238.23,239.58,236.48,237.33,
2011-08-31,237.98,242.15,236.38,241.73,
2011-09-01,241.95,248.78,241.3,241.68,
2011-09-02,240.28,243.48,237.53,239.23,
2011-09-05,235.28,235.65,229.35,230.48,
2011-09-06,225.63,230.05,223.83,227.63,
2011-09-07,233.88,237.48,231.88,237.48,
2011-09-08,240.48,240.7,236.33,237.65,
2011-09-09,234.53,238.83,232.63,233.33,
2011-09-14,231.83,232.88,223.98,225.88,
2011-09-15,232.08,233.73,224.83,229.63,
2011-09-16,235.88,239.98,234.08,238.68,
2011-09-19,235.48,238.23,234.53,236.18,
2011-09-20,235.88,239.58,232.48,238.28,
2011-09-21,238.83,243.33,237.58,240.48,
2011-09-22,234.08,235.5,230.23,231.83,
2011-09-23,223.18,225.13,217.88,219.38,
2011-09-26,222.15,222.58,213.78,214.78,
2011-09-27,222.38,227.13,220.25,227.13,
2011-09-28,228.73,229.33,223.48,223.83,
2011-09-29,222.78,230.23,221.43,229.93,
2011-09-30,228.18,231.73,225.68,229.08,
2011-10-03,229.08,229.08,229.08,229.08,
2011-10-04,217.98,221.48,215.13,221.08,
2011-10-05,223.03,223.03,216.83,218.03,
2011-10-06,223.93,227.93,223.55,225.28,
2011-10-07,230.03,232.08,229.63,229.93,
2011-10-10,231.03,233.93,230.68,231.03,
2011-10-11,236.73,236.9,234.98,235.38,
2011-10-12,234.63,237.18,233.03,236.8,
2011-10-13,239.63,240.73,237.93,238.48,
2011-10-14,237.43,240.53,235.98,240.08,
2011-10-17,242.83,243.78,241.33,243.33,
2011-10-18,239.03,241.03,238.55,239.43,
2011-10-19,240.85,243.43,238.78,243.43,
2011-10-20,242.48,244.38,234.93,234.93,
2011-10-21,237.73,240.63,235.93,239.83,
2011-10-24,242.38,248.73,242.28,248.73,
2011-10-25,248.78,249.33,246.88,247.73,
2011-10-26,245.73,248.23,244.43,247.38,
2011-10-27,249.23,252.08,247.43,251.55,
2011-10-28,257.33,257.62,252.48,252.8,
2011-10-31,252.48,255.13,249.58,250.73,
2011-11-01,248.45,252.78,248.28,250.38,
2011-11-02,245.53,249.03,243.78,249.03,
2011-11-03,248.03,248.13,243.08,244.73,
2011-11-04,250.33,252.98,249.03,252.58,
2011-11-07,252.83,253.08,250.38,250.68,
2011-11-08,251.53,252.23,248.48,248.58,
2011-11-09,251.78,252.48,248.68,250.28,
2011-11-10,243.73,243.78,238.93,240.28,
2011-11-11,239.7,243.18,237.13,242.28,
2011-11-14,246.73,249.33,246.43,248.18,
2011-11-15,246.48,248.03,245.13,246.78,
2011-11-16,247.38,249.93,240.93,241.7,
2011-11-17,242.43,244.88,238.33,244.13,
2011-11-18,240.2,240.33,237.48,238.83,
2011-11-21,237.95,238.08,234.28,236.43,
2011-11-22,233.15,237.93,233.08,236.98,
2011-11-23,236.45,236.45,230.68,231.73,
2011-11-24,230.68,233.83,229.88,231.88,
2011-11-25,230.2,231.83,228.85,229.98,
2011-11-28,234.98,236.63,233.78,236.63,
2011-11-29,237.65,242.83,237.45,242.83,
2011-11-30,241.2,242.58,240.13,241.33,
2011-12-01,249.98,253.18,249.98,251.98,
2011-12-02,252.08,252.48,250.48,251.63,
2011-12-05,252.63,252.75,250.03,251.98,
2011-12-06,250.5,251.55,247.55,249.23,
2011-12-07,250.48,251.83,249.45,250.98,
2011-12-08,250.23,251.88,247.75,250.43,
2011-12-09,245.98,246.88,243.18,243.23,
2011-12-11,243.53,243.53,243.53,243.53,
2011-12-12,247.58,247.93,245.93,247.93,
2011-12-13,245.03,245.03,241.88,242.23,
2011-12-14,240.4,242.43,239.93,241.13,
2011-12-15,237.53,238.68,234.73,235.13,
2011-12-16,236.23,238.28,235.88,237.88,
2011-12-19,236.53,236.7,226.15,230.48,
2011-12-20,231.93,233.13,230.53,232.08,
2011-12-21,238.75,240.73,237.53,239.93,
2011-12-22,239.08,240.13,238.38,240.13,
2011-12-23,242.28,244.18,241.98,242.98,
2011-12-25,242.83,242.83,242.83,242.83,
2011-12-26,242.83,242.83,242.83,242.83,
2011-12-27,241.9,242.93,234.08,238.53,
2011-12-28,239.6,240.13,237.98,238.43,
2011-12-29,237.7,239.88,236.43,238.28,
2012-01-02,238.13,238.13,238.13,238.13,
2012-01-03,242.2,247.13,242.2,246.73,
2012-01-04,248.08,248.08,245.38,245.83,
2012-01-05,245.8,246.93,244.68,245.28,
2012-01-06,245.18,245.48,238.43,241.63,
2012-01-09,240.03,240.1,236.43,238.48,
2012-01-10,240.28,244.08,240.28,242.88,
2012-01-11,243.53,243.93,241.28,242.13,
2012-01-12,243.15,244.33,240.68,243.93,
2012-01-13,244.43,247.48,243.83,246.58,
2012-01-16,245.2,245.2,241.53,244.18,
2012-01-17,246.33,249.23,246.33,249.23,
2012-01-18,248.63,249.83,247.63,248.58,
2012-01-19,252.28,252.98,250.68,252.98,
2012-01-20,253.4,258.92,253.38,257.58,
2012-01-25,258.92,262.08,258.02,259.12,
2012-01-26,259.9,260.23,258.48,259.73,
2012-01-27,259.15,260.83,258.45,260.08,
2012-01-30,258.55,259.27,256.27,256.92,
2012-01-31,257.37,259.58,255.95,258.17,
2012-02-01,256.98,260.27,256.27,258.37,
2012-02-02,261.33,263.23,261.17,261.77,
2012-02-03,261.55,261.83,258.98,260.12,
2012-02-06,263.02,263.37,260.11,260.25,
2012-02-07,260.93,262.02,260.23,260.83,
2012-02-08,261.17,264.27,261.17,264.12,
2012-02-09,263.77,265.42,260.23,265.33,
2012-02-10,264.62,264.62,261.02,262.25,
2012-02-13,262.98,264.87,262.08,263.83,
2012-02-14,262.42,263.73,262.02,263.08,
2012-02-15,264.23,267.12,264.1,266.37,
2012-02-16,263.52,264.65,262.62,262.77,
2012-02-17,266.73,267.73,265.87,267.08,
2012-02-20,269.42,270.27,267.17,267.25,
2012-02-21,266.48,268.12,264.62,267.23,
2012-02-22,266.92,267.58,265.42,267.17,
2012-02-23,265.58,265.8,263.62,264.58,
2012-02-24,264.37,266.33,263.12,265.98,
2012-02-27,265.33,265.52,261.58,262.17,
2012-02-28,263.12,264.67,262.58,264.37,
2012-02-29,265.57,268.23,265.57,267.23,
2012-03-02,269.27,269.67,267.62,267.92,
2012-03-05,268.6,268.95,266.25,267.0,
2012-03-06,267.32,268.17,263.42,264.92,
2012-03-07,261.33,263.17,260.4,262.58,
2012-03-08,263.0,266.48,261.83,266.42,
2012-03-09,267.43,269.02,265.37,267.62,
2012-03-12,268.18,268.42,265.73,266.23,
2012-03-13,267.52,270.77,267.52,270.12,
2012-03-14,273.52,274.58,272.48,273.08,
2012-03-15,272.48,273.73,271.98,272.67,
2012-03-16,273.65,274.33,271.33,271.52,
2012-03-19,272.42,273.73,271.23,273.33,
2012-03-20,272.3,274.08,270.87,271.83,
2012-03-21,270.12,271.73,268.77,270.27,
2012-03-22,270.17,270.83,268.83,270.58,
2012-03-23,268.7,270.33,268.23,269.92,
2012-03-26,271.3,272.33,268.77,269.52,
2012-03-27,273.08,273.17,271.42,272.83,
2012-03-28,271.87,272.42,271.27,271.83,
2012-03-29,269.87,270.58,268.23,268.87,
2012-03-30,268.48,268.87,267.23,267.83,
2012-04-02,269.92,270.73,268.27,270.48,
2012-04-03,272.02,274.33,271.62,274.17,
2012-04-04,273.52,273.83,270.73,270.92,
2012-04-05,269.37,271.87,267.52,271.87,
2012-04-06,271.57,272.08,270.58,271.77,
2012-04-09,268.1,268.8,266.8,267.3,188240.0
2012-04-10,267.45,269.25,266.6,267.45,269760.0
2012-04-12,266.0,266.0,262.8,264.55,273100.0
2012-04-13,267.0,268.7,266.25,268.15,228220.0
2012-04-16,265.3,266.3,264.2,265.55,201190.0
2012-04-17,265.15,266.15,264.0,264.9,187510.0
2012-04-18,268.85,268.85,267.05,267.5,168920.0
2012-04-19,266.5,267.9,266.1,266.6,186800.0
2012-04-20,264.8,265.1,262.5,263.05,176020.0
2012-04-23,262.55,263.75,261.45,262.85,209920.0
2012-04-24,260.55,262.6,259.95,261.3,268340.0
2012-04-25,263.5,263.6,261.3,261.5,223200.0
2012-04-26,263.45,263.75,261.1,262.15,215020.0
2012-04-27,263.0,264.9,262.75,263.85,233670.0
2012-04-30,265.55,266.1,264.4,265.1,170630.0
2012-05-02,266.55,267.35,265.9,267.35,201460.0
2012-05-03,266.9,266.95,266.2,266.95,109750.0
2012-05-04,265.3,265.85,264.35,265.0,149650.0
2012-05-07,260.15,260.8,259.45,259.55,197530.0
2012-05-08,261.0,261.9,260.7,261.9,144660.0
2012-05-09,260.65,260.9,258.95,259.45,183660.0
2012-05-10,258.4,259.25,257.3,258.15,258380.0
2012-05-11,257.3,257.35,253.5,253.5,208630.0
2012-05-14,253.6,254.8,252.65,254.6,234280.0
2012-05-15,252.6,253.45,250.6,252.4,263340.0
2012-05-16,250.5,250.75,242.1,242.1,362760.0
2012-05-17,243.35,245.95,242.9,244.95,326840.0
2012-05-18,240.3,240.35,235.05,236.45,364300.0
2012-05-21,238.1,239.15,237.05,238.05,265400.0
2012-05-22,241.8,242.6,240.15,242.05,245320.0
2012-05-23,240.3,240.85,237.45,240.15,288350.0
2012-05-24,239.2,240.65,237.85,240.35,272730.0
2012-05-25,240.55,242.65,239.9,241.2,253090.0
2012-05-29,240.9,245.7,240.25,245.15,250290.0
2012-05-30,243.85,244.35,241.7,243.55,242610.0
2012-05-31,241.0,243.4,239.35,243.0,271550.0
2012-06-01,241.5,243.45,240.15,242.95,319510.0
2012-06-04,235.1,237.4,234.9,236.75,317230.0
2012-06-05,238.8,239.85,237.85,239.5,233460.0
2012-06-07,243.8,246.3,243.7,245.6,244770.0
2012-06-08,246.3,246.45,243.6,243.95,257589.99999999997
2012-06-11,248.3,248.65,247.55,248.5,178790.0
2012-06-12,244.0,246.95,244.0,246.4,250000.0
2012-06-13,248.1,248.15,245.75,247.5,252730.0
2012-06-14,246.5,247.75,246.3,248.62,212540.0
2012-06-15,249.85,250.0,246.7,248.9,206490.0
2012-06-18,253.2,255.0,253.0,254.0,209490.0
2012-06-19,252.5,253.9,252.0,253.9,178510.0
2012-06-20,255.5,255.9,254.05,254.55,151240.0
2012-06-21,253.5,254.55,251.6,252.7,218620.0
2012-06-22,249.0,249.5,244.65,244.95,308720.0
2012-06-25,244.0,244.6,240.1,241.4,291490.0
2012-06-26,240.6,241.85,239.8,240.2,228110.0
2012-06-27,239.9,241.05,237.25,240.5,252570.0
2012-06-28,241.0,241.95,238.75,240.9,257070.0
2012-06-29,238.95,246.0,238.1,245.7,316980.0
2012-07-02,247.5,247.5,245.25,245.7,218650.0
2012-07-03,246.4,248.35,246.2,247.55,235890.0
2012-07-04,248.65,249.8,248.15,248.4,200410.0
2012-07-05,247.8,248.9,247.15,248.45,195650.0
2012-07-06,248.85,249.0,244.7,245.5,292490.0
2012-07-09,243.05,243.85,242.15,242.45,257420.00000000003
2012-07-10,243.25,244.1,240.9,242.0,267130.0
2012-07-11,241.0,241.5,239.65,240.9,249550.0
2012-07-12,241.45,241.7,235.75,236.2,381410.0
2012-07-13,236.8,240.2,234.45,238.7,288540.0
2012-07-16,239.85,240.5,238.05,240.05,196770.0
2012-07-17,238.8,242.9,237.45,240.9,308150.0
2012-07-18,241.05,241.65,235.85,237.3,350040.0
2012-07-19,240.6,242.4,239.7,241.55,269920.0
2012-07-20,241.25,242.0,240.2,241.2,180620.0
2012-07-23,237.5,237.9,234.45,235.9,284610.0
2012-07-24,235.75,237.25,235.2,236.8,206450.0
2012-07-25,232.35,236.15,231.65,234.5,300190.0
2012-07-26,234.3,236.3,233.2,235.95,263010.0
2012-07-27,240.5,242.9,239.2,242.55,223750.0
2012-07-30,244.95,245.6,244.4,244.5,171270.0
2012-07-31,245.25,253.6,244.65,250.45,381120.0
2012-08-01,248.8,251.75,248.5,250.9,258890.0
2012-08-02,251.5,251.5,248.3,249.05,248600.0
2012-08-03,245.8,248.25,245.0,246.05,277460.0
2012-08-06,250.65,252.7,250.5,251.5,224820.0
2012-08-07,251.1,252.05,250.3,251.5,175260.0
2012-08-08,252.3,256.55,252.2,254.05,294670.0
2012-08-09,254.45,260.8,254.25,260.2,381210.0
2012-08-10,259.35,260.55,258.7,260.2,176700.0
2012-08-13,259.8,260.15,258.1,258.55,167500.0
2012-08-14,259.35,261.9,259.05,261.0,256910.00000000003
2012-08-16,261.0,261.95,260.1,261.25,163100.0
2012-08-17,262.1,262.55,258.85,260.2,205060.0
2012-08-20,259.75,260.25,258.2,259.4,232560.0
2012-08-21,260.8,261.8,258.75,259.05,194960.0
2012-08-22,258.5,259.5,255.15,256.55,232770.0
2012-08-23,257.6,258.75,255.95,258.5,220330.0
2012-08-24,255.5,256.0,254.3,254.85,187870.0
2012-08-27,252.05,255.45,252.0,254.6,238350.0
2012-08-28,254.2,255.2,252.55,253.55,235820.0
2012-08-29,254.0,255.15,253.4,254.8,149260.0
2012-08-30,253.8,254.05,249.8,250.5,239420.0
2012-08-31,249.95,251.95,249.65,250.1,193470.0
2012-09-03,250.35,253.1,247.3,251.15,328410.0
2012-09-04,250.95,251.9,250.3,250.7,204770.0
2012-09-05,248.7,249.1,245.35,245.35,240840.0
2012-09-06,246.35,248.0,245.45,246.25,226180.0
2012-09-07,251.65,254.35,251.55,254.2,248370.0
2012-09-10,255.0,255.45,253.3,253.65,194400.0
2012-09-11,252.6,253.4,251.4,252.8,206730.0
2012-09-12,254.3,257.55,253.85,256.95,277290.0
2012-09-13,256.5,257.65,254.4,256.87,299930.0
2012-09-14,265.0,268.05,265.0,266.6,189830.0
2012-09-17,266.5,267.35,265.5,265.95,155980.0
2012-09-18,265.9,266.6,264.75,266.2,151130.0
2012-09-19,265.7,267.95,264.8,267.0,203590.0
2012-09-20,264.85,266.25,263.9,264.35,224410.0
2012-09-21,266.05,266.55,264.55,265.05,177570.0
2012-09-24,264.3,265.75,261.75,265.4,256550.0
2012-09-25,264.05,265.65,263.8,264.55,179150.0
2012-09-26,261.7,263.0,260.45,262.35,164560.0
2012-09-27,260.6,264.5,260.6,264.25,206500.0
2012-09-28,264.65,265.05,263.3,264.2,162520.0
2012-10-02,263.8,265.2,263.7,263.7,97270.0
2012-10-04,264.3,264.85,261.8,263.85,249600.0
2012-10-05,265.05,265.9,263.7,264.1,165360.0
2012-10-08,263.5,263.7,261.2,262.15,174650.0
2012-10-09,261.8,263.7,261.65,262.0,207030.0
2012-10-10,259.0,259.2,256.5,256.7,226700.0
2012-10-11,254.2,256.5,252.05,254.25,366090.0
2012-10-12,254.65,255.2,252.85,253.4,161270.0
2012-10-15,252.6,254.65,251.9,253.1,184300.0
2012-10-16,255.15,255.5,253.8,255.1,151060.0
2012-10-17,256.5,258.75,256.35,257.3,203140.0
2012-10-18,258.15,258.95,257.55,258.6,157420.0
2012-10-19,258.0,258.45,255.65,255.75,176440.0
2012-10-22,251.15,255.6,250.85,255.55,247480.0
2012-10-23,255.45,255.8,252.7,252.7,165610.0
2012-10-24,250.85,252.35,249.55,250.45,252890.0
2012-10-25,249.55,253.05,249.2,253.0,218350.0
2012-10-26,251.4,251.95,247.55,247.9,258019.99999999997
2012-10-29,249.15,249.9,247.95,248.9,173770.0
2012-10-30,248.9,251.85,248.5,249.65,241920.0
2012-10-31,251.3,252.15,250.55,250.55,161640.0
2012-11-01,249.05,249.75,247.15,248.75,250860.0
2012-11-02,251.65,252.2,250.95,251.7,169350.0
2012-11-05,249.95,251.35,249.75,250.25,165650.0
2012-11-06,250.45,253.2,250.1,252.9,184280.0
2012-11-07,253.35,254.65,251.15,254.05,325530.0
2012-11-08,251.0,251.75,249.45,249.45,252300.0
2012-11-09,247.15,249.45,245.3,249.3,194470.0
2012-11-12,248.1,249.25,247.2,249.25,143120.0
2012-11-13,249.1,249.15,246.05,247.4,183900.0
2012-11-14,247.4,248.4,246.35,248.3,168090.0
2012-11-15,245.1,245.45,243.75,244.4,175620.0
2012-11-16,244.0,245.0,243.3,243.65,159700.0
2012-11-19,244.75,247.25,244.7,246.5,153110.0
2012-11-20,248.75,248.75,247.45,248.3,130330.00000000001
2012-11-21,249.0,249.35,246.5,247.15,181250.0
2012-11-22,249.0,250.6,248.75,249.95,135450.0
2012-11-23,249.9,251.9,249.6,251.9,127130.0
2012-11-26,252.4,252.55,250.8,251.5,132370.0
2012-11-27,252.5,254.55,252.1,253.75,173120.0
2012-11-28,252.5,252.75,251.5,252.35,116010.0
2012-11-29,253.35,255.5,253.25,255.2,132880.0
2012-11-30,254.75,256.75,254.3,255.45,165930.0
2012-12-03,255.85,256.9,255.25,256.0,153420.0
2012-12-04,255.0,255.55,254.05,254.9,140670.0
2012-12-05,255.0,257.4,254.65,257.2,171020.0
2012-12-06,257.0,258.3,256.65,257.55,161920.0
2012-12-07,257.9,259.65,257.8,259.35,160710.0
2012-12-10,259.8,260.9,258.95,259.15,175880.0
2012-12-11,259.65,260.25,259.05,260.1,136740.0
2012-12-12,261.15,262.0,260.85,262.0,161180.0
2012-12-13,261.95,265.3,261.8,265.79,221320.0
2012-12-14,263.6,265.9,262.85,264.5,149200.0
2012-12-17,265.0,265.45,263.15,263.3,138850.0
2012-12-18,264.3,264.9,262.1,264.7,159380.0
2012-12-19,264.37,264.37,264.37,264.37,
2012-12-20,265.15,266.15,264.15,264.15,143520.0
2012-12-21,265.95,266.0,262.2,262.95,209420.0
2012-12-24,263.5,263.65,262.45,263.65,84450.0
2012-12-26,264.7,265.95,263.1,263.6,108740.0
2012-12-27,263.3,264.8,262.0,264.35,139230.0
2012-12-28,264.45,266.2,264.35,266.1,111150.0
2012-12-31,265.98,265.98,265.98,265.98,
2013-01-02,267.8,271.2,267.75,271.2,135210.0
2013-01-03,273.0,273.2,269.35,269.8,194520.0
2013-01-04,269.85,270.25,267.55,268.1,186040.0
2013-01-07,268.1,268.75,266.05,268.2,240440.0
2013-01-08,267.55,268.1,265.1,265.4,229240.0
2013-01-09,265.9,266.75,264.1,264.35,206830.0
2013-01-10,264.4,267.25,263.45,266.2,251400.0
2013-01-11,268.45,268.6,262.7,264.75,252770.0
2013-01-14,264.1,266.55,263.3,266.4,159840.0
2013-01-15,265.7,268.1,263.1,263.4,226070.0
2013-01-16,264.0,264.85,260.65,261.45,185630.0
2013-01-17,263.0,263.15,259.9,261.95,206060.0
2013-01-18,264.0,264.1,261.1,262.65,176180.0
2013-01-21,262.8,264.15,260.5,263.0,196430.0
2013-01-22,263.2,264.75,262.1,264.75,231870.0
2013-01-23,265.1,265.85,261.35,261.8,175480.0
2013-01-24,261.05,262.25,259.25,259.65,212830.0
2013-01-25,259.65,260.15,255.7,256.4,201860.0
2013-01-28,255.7,256.65,254.8,256.2,181490.0
2013-01-29,256.5,258.6,256.0,257.9,145730.0
2013-01-30,258.8,260.1,257.2,259.1,192820.0
2013-01-31,258.1,258.95,257.55,258.3,145570.0
2013-02-01,259.0,260.0,255.9,258.05,237190.0
2013-02-04,259.1,259.7,257.0,257.0,169880.0
2013-02-05,255.0,256.05,253.75,254.8,206860.0
2013-02-06,255.65,255.75,254.5,254.5,140010.0
2013-02-07,254.9,256.35,253.9,254.35,195640.0
2013-02-08,254.0,258.15,253.75,257.9,215850.0
2013-02-12,258.0,258.3,256.55,257.2,163190.0
2013-02-13,258.0,262.0,257.7,261.85,208030.0
2013-02-14,262.0,263.65,261.3,262.8,256470.00000000003
2013-02-15,262.75,263.15,261.9,262.6,104480.0
2013-02-18,261.85,263.35,260.85,262.3,147330.0
2013-02-19,262.5,264.1,261.9,263.35,142790.0
2013-02-20,264.45,269.3,264.1,268.85,223150.0
2013-02-21,267.95,268.85,267.35,267.85,140490.0
2013-02-22,267.2,270.3,266.9,268.6,218680.0
2013-02-25,268.4,269.3,266.9,267.4,160020.0
2013-02-26,265.1,266.95,264.6,266.3,185100.0
2013-02-27,266.7,267.2,265.2,266.15,154160.0
2013-02-28,268.0,270.25,267.8,269.1,183880.0
2013-03-01,269.23,269.23,269.23,269.23,
2013-03-04,268.85,269.6,266.35,266.75,167740.0
2013-03-05,267.9,270.15,267.25,267.5,205780.0
2013-03-06,269.9,270.35,267.1,267.5,205100.0
2013-03-07,267.0,267.7,264.7,264.9,221800.0
2013-03-08,264.9,265.95,263.85,265.0,181720.0
2013-03-11,264.5,265.6,261.8,264.7,224860.0
2013-03-12,265.4,265.75,262.2,262.45,174220.0
2013-03-13,262.45,263.9,261.8,262.9,218850.0
2013-03-14,262.75,263.15,259.85,263.37,274080.0
2013-03-15,266.4,266.65,262.1,263.4,186180.0
2013-03-18,260.65,261.95,259.1,260.3,152110.0
2013-03-19,261.1,263.15,260.0,260.3,149990.0
2013-03-20,259.3,260.85,258.25,258.5,160750.0
2013-03-21,259.6,259.9,256.2,256.35,187080.0
2013-03-22,256.6,257.3,255.95,256.3,138120.0
2013-03-25,258.85,261.85,258.7,261.55,185590.0
2013-03-26,260.9,262.6,260.35,261.8,143070.0
2013-03-27,262.25,264.35,259.75,263.9,180950.0
2013-03-28,263.3,264.2,262.6,263.9,125050.0
2013-03-29,265.3,266.95,264.9,264.9,139330.0
2013-04-01,265.7,265.75,263.95,264.65,112350.0
2013-04-02,264.4,264.75,260.1,262.2,212820.0
2013-04-03,262.85,262.85,259.65,262.0,198470.0
2013-04-04,259.25,259.6,256.0,257.25,239140.0
2013-04-05,255.55,256.8,252.6,253.75,233710.0
2013-04-08,254.1,255.35,252.95,253.8,192060.0
2013-04-09,253.5,256.05,251.5,253.35,284450.0
2013-04-10,255.0,256.5,253.45,255.55,229390.0
2013-04-11,256.9,257.75,254.05,256.9,247340.0
2013-04-12,257.25,257.8,251.3,251.3,196370.0
2013-04-15,251.2,253.9,250.2,252.2,200090.0
2013-04-16,249.8,253.75,248.6,253.15,258839.99999999997
2013-04-17,253.4,253.8,249.8,252.35,172580.0
2013-04-18,250.55,251.6,248.15,248.15,195370.0
2013-04-19,248.5,250.5,247.2,249.45,176560.0
2013-04-22,248.65,252.3,248.2,252.0,184100.0
2013-04-23,251.5,251.65,248.95,250.7,159350.0
2013-04-24,252.2,253.75,250.7,253.2,173610.0
2013-04-25,253.4,255.15,252.75,254.7,200710.0
2013-04-26,254.45,255.1,253.7,254.4,132640.0
2013-04-29,254.05,254.25,252.25,253.55,118510.0
2013-04-30,254.3,257.7,254.2,257.15,177520.0
2013-05-02,256.25,256.95,255.15,255.7,152190.0
2013-05-03,257.0,257.15,254.85,256.3,175850.0
2013-05-06,258.25,259.8,255.55,255.55,233650.0
2013-05-07,255.6,256.25,254.25,255.1,234930.0
2013-05-08,255.85,256.55,254.15,255.15,215840.0
2013-05-09,255.35,259.3,255.2,258.8,293710.0
2013-05-10,258.5,258.6,252.8,252.8,203090.0
2013-05-13,251.95,254.1,251.05,254.0,139690.0
2013-05-14,254.05,257.8,254.05,256.85,194150.0
2013-05-15,257.1,257.35,255.6,256.55,131250.0
2013-05-16,257.6,261.0,257.5,259.35,189870.0
2013-05-20,260.1,260.35,258.7,259.4,135330.0
2013-05-21,260.3,261.6,258.65,259.1,121860.0
2013-05-22,260.3,261.8,259.8,260.1,132900.0
2013-05-23,259.1,260.05,256.75,257.15,217040.0
2013-05-24,258.55,258.7,255.85,257.8,178900.0
2013-05-27,257.0,259.55,256.7,258.7,166510.0
2013-05-28,259.1,260.35,257.85,259.7,165290.0
2013-05-29,260.25,262.7,259.85,261.55,197090.0
2013-05-30,261.5,262.9,261.15,261.85,186610.0
2013-05-31,262.55,263.9,262.1,262.3,181710.0
2013-06-03,261.2,262.15,260.7,261.3,166510.0
2013-06-04,262.35,262.35,259.05,260.85,211860.0
2013-06-05,260.5,260.75,256.55,256.55,219840.0
2013-06-07,256.05,256.6,250.45,251.1,303190.0
2013-06-10,251.4,252.7,250.65,252.7,171940.0
2013-06-11,252.5,252.55,248.7,250.75,262600.0
2013-06-12,249.45,250.45,247.9,248.85,206040.0
2013-06-13,247.6,248.3,244.4,244.49,291530.0
2013-06-14,247.3,247.65,245.05,245.85,177120.0
2013-06-17,246.5,248.1,245.25,246.5,170100.0
2013-06-18,246.5,247.8,244.65,247.7,195110.0
2013-06-19,247.85,247.85,245.55,246.7,148210.0
2013-06-20,244.0,244.05,240.15,240.35,206110.0
2013-06-21,235.75,237.35,234.55,236.65,231310.0
2013-06-24,237.0,237.05,233.6,233.6,232290.0
2013-06-25,233.25,236.6,231.55,234.1,318730.0
2013-06-26,234.8,234.85,231.45,232.15,217620.0
2013-06-27,235.5,239.75,235.1,239.6,212220.0
2013-06-28,240.3,244.0,240.2,242.0,213710.0
2013-07-01,240.2,242.95,240.15,242.3,155950.0
2013-07-02,242.45,243.5,240.85,242.25,187720.0
2013-07-03,241.4,242.15,236.85,237.45,230850.0
2013-07-04,237.65,239.85,237.4,239.3,165660.0
2013-07-05,241.25,242.15,237.35,239.15,247300.0
2013-07-08,237.65,239.55,234.85,235.95,241950.0
2013-07-09,237.65,238.45,235.45,238.45,213100.0
2013-07-10,238.35,238.8,235.65,236.4,208920.0
2013-07-11,239.5,245.05,238.9,244.2,230110.0
2013-07-12,244.2,244.5,242.55,243.45,127520.0
2013-07-15,243.2,244.95,239.7,244.9,230550.0
2013-07-16,243.95,244.5,241.7,242.65,157200.0
2013-07-17,243.65,246.9,240.85,244.65,232300.0
2013-07-18,244.25,244.8,242.55,243.45,171570.0
2013-07-19,243.45,244.3,240.85,243.0,191110.0
2013-07-22,244.7,246.45,243.0,243.7,175160.0
2013-07-23,244.65,247.8,243.9,247.15,181570.0
2013-07-24,247.2,248.35,246.5,247.75,115660.0
2013-07-25,247.5,249.1,246.95,247.9,148950.0
2013-07-26,248.95,249.4,247.2,248.85,134810.0
2013-07-29,248.15,249.0,246.8,247.7,141880.0
2013-07-30,247.7,249.95,247.3,249.35,124940.0
2013-07-31,249.2,249.9,248.35,248.4,106330.0
2013-08-01,248.9,250.75,247.05,249.7,191410.0
2013-08-02,251.25,251.95,249.75,250.35,157750.0
2013-08-05,249.85,250.75,249.05,249.05,120380.0
2013-08-06,248.65,248.8,245.55,246.5,192860.0
2013-08-07,245.0,245.75,242.9,243.2,166890.0
2013-08-08,243.65,245.65,242.8,243.45,237710.0
2013-08-09,243.5,244.4,242.35,244.15,152260.0
2013-08-12,243.1,245.3,242.55,244.3,143170.0
2013-08-13,244.95,248.2,244.5,248.1,142690.0
2013-08-14,248.7,249.85,247.65,249.7,127600.0
2013-08-15,249.53,249.53,249.53,249.53,
2013-08-16,247.15,250.8,246.5,249.2,180830.0
2013-08-19,248.5,249.2,247.55,249.2,114010.0
2013-08-20,247.6,250.2,245.15,245.25,209050.0
2013-08-21,245.8,246.0,241.8,241.8,210210.0
2013-08-22,239.65,241.35,238.55,240.45,214710.0
2013-08-23,241.2,243.8,240.6,243.1,198530.0
2013-08-26,243.3,246.45,243.3,245.6,149200.0
2013-08-27,245.0,246.75,244.55,245.45,169590.0
2013-08-28,242.55,245.8,242.25,245.65,198630.0
2013-08-29,246.0,250.35,245.85,249.8,193590.0
2013-08-30,250.9,251.7,249.35,250.95,175340.0
2013-09-02,251.35,252.95,250.9,251.85,163500.0
2013-09-03,252.75,253.75,252.05,252.6,157170.0
2013-09-04,251.9,253.15,250.55,252.3,160090.0
2013-09-05,253.5,255.85,252.7,255.25,174500.0
2013-09-06,255.2,257.0,254.65,256.2,180020.0
2013-09-09,257.1,258.85,256.6,258.05,202740.0
2013-09-10,258.35,261.2,258.2,260.9,217570.0
2013-09-11,261.15,262.55,260.55,262.0,207000.0
2013-09-12,262.7,265.15,261.85,262.32,284110.0
2013-09-13,263.0,265.1,262.6,263.1,157610.0
2013-09-16,266.45,267.2,265.2,265.5,127950.0
2013-09-17,265.1,265.3,263.3,264.2,129360.00000000001
2013-09-18,264.02,264.02,264.02,264.02,
2013-09-23,264.2,266.55,262.35,264.95,169190.0
2013-09-24,263.2,265.1,262.6,264.7,154680.0
2013-09-25,264.9,265.1,262.35,263.05,161520.0
2013-09-26,262.35,265.6,261.85,265.6,158660.0
2013-09-27,265.7,265.9,264.4,265.25,116960.0
2013-09-30,263.3,264.8,262.2,263.05,163380.0
2013-10-01,262.85,265.65,262.8,263.5,183210.0
2013-10-02,265.2,265.5,263.5,263.8,133050.0
2013-10-03,263.77,263.77,263.77,263.77,
2013-10-04,263.7,264.35,261.55,263.35,170840.0
2013-10-07,263.15,264.2,262.45,263.15,111480.0
2013-10-08,262.65,264.65,261.15,264.65,171650.0
2013-10-09,264.48,264.48,264.48,264.48,
2013-10-10,264.2,265.4,263.05,263.7,202910.0
2013-10-11,266.0,268.8,265.1,268.6,139830.0
2013-10-14,268.1,268.8,267.45,268.2,89300.0
2013-10-15,269.85,271.55,269.65,270.35,127910.0
2013-10-16,270.9,272.35,270.2,270.6,136210.0
2013-10-17,272.05,272.75,270.9,271.55,116960.0
2013-10-18,272.5,273.05,271.9,272.95,97850.0
2013-10-21,273.3,273.85,272.8,272.9,79850.0
2013-10-22,272.8,273.2,271.95,272.8,105430.0
2013-10-23,273.5,273.95,269.4,269.4,155870.0
2013-10-24,269.75,270.8,268.85,270.7,133980.0
2013-10-25,270.35,270.6,267.25,268.15,162510.0
2013-10-28,269.25,271.15,268.9,271.0,121190.0
2013-10-29,270.4,272.55,269.55,272.0,175600.0
2013-10-30,272.55,273.15,270.75,272.85,136930.0
2013-10-31,271.2,272.1,268.55,268.85,154890.0
2013-11-01,269.45,269.9,268.8,269.5,102940.0
2013-11-04,268.9,269.0,267.0,267.0,138460.0
2013-11-05,267.3,267.85,265.05,265.65,164750.0
2013-11-06,265.3,266.85,265.05,265.6,154570.0
2013-11-07,265.05,265.65,263.15,263.5,165180.0
2013-11-08,261.65,262.95,261.2,261.2,146980.0
2013-11-11,262.2,262.5,260.65,261.7,127720.0
2013-11-12,261.5,264.05,261.5,263.45,160830.0
2013-11-13,262.7,262.95,258.2,258.5,199980.0
2013-11-14,260.25,260.9,258.35,259.7,229590.0
2013-11-15,261.0,265.25,260.8,264.75,166220.0
2013-11-18,265.9,266.35,264.85,265.6,105880.0
2013-11-19,265.0,269.5,264.7,268.6,163810.0
2013-11-20,268.15,268.45,266.0,266.9,125890.0
2013-11-21,266.1,266.2,261.15,262.2,194640.0
2013-11-22,263.6,265.5,262.2,263.8,156300.0
2013-11-25,265.45,268.55,265.35,266.3,154440.0
2013-11-26,264.4,267.4,262.7,267.3,212850.0
2013-11-27,265.6,268.1,264.4,267.8,172860.0
2013-11-28,269.5,271.15,269.45,270.0,141480.0
2013-11-29,269.7,271.5,269.5,270.15,135830.0
2013-12-02,270.25,271.6,267.8,268.3,172460.0
2013-12-03,266.7,267.4,264.7,264.9,155700.0
2013-12-04,263.7,264.3,261.4,261.5,178140.0
2013-12-05,262.0,262.5,258.85,260.7,211820.0
2013-12-06,260.85,261.95,260.15,261.2,152130.0
2013-12-09,263.9,264.45,262.9,263.95,119290.0
2013-12-10,263.6,263.65,262.15,262.4,127100.0
2013-12-11,261.2,263.85,259.3,259.5,238870.0
2013-12-12,257.95,259.4,257.25,259.05,213920.0
2013-12-13,257.4,257.6,254.7,256.9,150700.0
2013-12-16,255.7,257.95,255.5,257.1,136630.0
2013-12-17,259.3,259.95,257.7,258.65,118220.0
2013-12-18,258.65,260.7,258.15,260.0,112920.0
2013-12-19,263.2,263.4,258.4,259.45,159600.0
2013-12-20,259.4,261.3,259.05,260.75,130350.0
2013-12-23,261.75,263.55,261.45,263.15,97350.0
2013-12-24,263.6,264.5,262.65,263.55,106610.0
2013-12-26,263.95,264.7,262.95,263.1,78450.0
2013-12-27,263.7,265.8,262.8,265.45,117800.0
2013-12-30,266.3,266.45,265.05,265.65,76380.0
2014-01-01,265.98,265.98,265.98,265.98,
2014-01-02,266.6,266.65,258.4,258.4,187040.0
2014-01-03,258.35,258.55,254.0,255.25,202040.0
2014-01-06,255.45,257.85,254.7,255.85,176360.0
2014-01-07,254.9,258.1,254.9,257.05,160880.0
2014-01-08,257.85,258.3,255.35,256.8,186930.0
2014-01-09,256.9,257.3,255.2,255.5,168650.0
2014-01-10,254.6,256.4,252.25,253.4,176200.0
2014-01-13,254.3,255.6,253.75,255.45,102680.0
2014-01-14,254.5,257.25,253.25,254.95,191010.0
2014-01-15,256.05,256.35,254.55,255.85,96560.0
2014-01-16,256.05,257.3,255.65,256.35,112630.0
2014-01-17,256.35,256.7,253.7,254.0,144730.0
2014-01-20,253.9,256.25,252.45,256.1,165150.0
2014-01-21,255.85,257.9,255.2,257.9,121140.0
2014-01-22,257.05,257.85,256.65,257.65,107520.0
2014-01-23,257.9,258.05,254.5,254.6,175190.0
2014-01-24,253.55,254.15,251.6,253.4,188950.0
2014-01-27,249.5,251.3,248.25,250.2,205710.0
2014-01-28,249.5,251.4,249.15,251.25,155220.0
2014-01-29,252.2,254.5,251.9,254.5,156260.0
2014-02-03,252.5,252.9,249.95,250.8,154870.0
2014-02-04,247.5,247.6,245.25,246.05,170670.0
2014-02-05,247.1,247.6,245.55,246.55,154580.0
2014-02-06,247.55,249.7,247.3,248.4,150480.0
2014-02-07,250.3,251.15,249.15,250.5,141050.0
2014-02-10,251.25,251.75,249.7,250.8,120350.0
2014-02-11,250.1,252.65,249.9,251.8,138530.0
2014-02-12,253.0,254.05,252.05,252.7,158710.0
2014-02-13,252.75,253.8,250.3,250.35,195970.0
2014-02-14,251.35,254.65,251.15,253.8,155630.0
2014-02-17,255.35,255.95,253.7,253.9,135210.0
2014-02-18,253.8,254.8,252.0,254.0,168370.0
2014-02-19,253.2,253.45,251.2,252.2,152490.0
2014-02-20,251.25,252.95,250.35,251.3,152790.0
2014-02-21,253.3,255.25,253.15,254.9,138160.0
2014-02-24,254.9,255.7,253.55,254.45,124980.0
2014-02-25,255.6,256.95,255.1,256.3,118150.0
2014-02-26,255.9,257.6,255.45,257.25,124430.0
2014-02-27,256.9,257.95,256.25,257.7,112900.0
2014-02-28,257.7,259.0,257.2,257.5,150400.0
2014-03-03,255.8,256.25,254.35,255.85,119290.0
2014-03-04,255.25,255.85,254.65,255.85,109080.0
2014-03-05,257.6,258.5,257.1,257.1,101060.0
2014-03-06,257.4,257.9,257.1,257.6,80370.0
2014-03-07,258.35,258.85,256.1,257.2,159820.0
2014-03-10,255.8,256.0,253.7,253.75,124980.0
2014-03-11,254.3,254.95,253.7,254.9,116070.0
2014-03-12,253.85,253.95,250.6,250.75,171430.0
2014-03-13,251.9,252.7,250.55,251.09,169440.0
2014-03-14,250.25,250.85,249.05,250.05,106390.0
2014-03-17,249.8,251.3,249.6,251.3,96060.0
2014-03-18,253.0,253.9,251.4,252.8,137970.0
2014-03-19,253.95,254.35,252.35,252.9,111800.0
2014-03-20,251.75,252.0,249.45,249.65,149450.0
2014-03-21,250.7,251.95,250.4,251.95,90470.0
2014-03-24,252.3,254.15,252.0,253.2,141160.0
2014-03-25,252.8,253.8,252.15,252.95,113640.0
2014-03-26,254.5,256.85,254.45,256.5,136080.0
2014-03-27,256.4,258.25,256.1,257.55,119220.0
2014-03-28,257.8,259.35,257.45,257.8,137620.0
2014-03-31,259.0,259.55,257.7,258.4,128460.00000000001
2014-04-01,258.6,260.45,257.5,259.85,149910.0
2014-04-02,260.75,261.0,260.05,260.4,88820.0
2014-04-03,260.65,262.4,260.15,260.65,146300.0
2014-04-04,260.45,262.0,260.25,261.4,135960.0
2014-04-05,261.4,261.4,261.4,261.4,
2014-04-07,260.2,261.35,259.4,260.45,149430.0
2014-04-08,259.8,262.55,259.55,262.55,163820.0
2014-04-09,262.75,263.25,262.1,262.4,117610.0
2014-04-10,263.6,264.05,262.3,262.7,170480.0
2014-04-11,260.9,261.4,259.95,260.8,112150.0
2014-04-14,260.35,262.25,260.25,261.6,119990.0
2014-04-15,262.35,262.75,259.95,260.6,129460.00000000001
2014-04-16,260.3,261.55,259.1,261.4,122490.0
2014-04-17,262.0,262.15,260.05,260.7,106160.0
2014-04-18,262.05,263.15,261.8,262.5,88610.0
2014-04-21,262.65,262.8,261.3,262.35,74140.0
2014-04-22,262.0,262.9,260.55,262.3,130470.0
2014-04-23,262.95,263.5,261.55,261.7,119270.0
2014-04-24,262.5,262.9,261.2,261.25,109260.0
2014-04-25,261.1,261.5,257.45,257.6,171680.0
2014-04-28,257.1,258.55,256.95,257.6,122560.0
2014-04-29,257.85,258.15,256.25,256.6,125580.0
2014-04-30,257.35,257.65,255.15,255.4,131440.0
2014-05-01,255.4,255.4,255.4,255.4,
2014-05-02,256.2,256.5,254.8,255.75,120730.0
2014-05-07,255.55,255.95,252.25,252.5,161470.0
2014-05-08,253.05,254.15,251.55,254.15,176090.0
2014-05-09,253.65,255.0,253.3,254.2,114210.0
2014-05-12,254.2,255.8,253.15,255.75,109560.0
2014-05-13,256.75,260.0,256.15,259.35,144430.0
2014-05-14,259.35,263.15,259.35,262.85,156790.0
2014-05-15,262.95,264.3,262.55,262.75,131260.0
2014-05-16,261.65,263.0,261.5,262.85,124100.0
2014-05-19,263.3,263.35,261.4,262.8,129780.0
2014-05-20,262.8,263.65,262.4,262.55,89990.0
2014-05-21,261.95,264.55,261.7,263.2,145960.0
2014-05-22,263.75,265.3,263.3,264.1,129020.00000000001
2014-05-23,263.95,264.55,263.55,263.6,75310.0
2014-05-26,263.45,264.55,262.95,263.05,94520.0
2014-05-27,263.6,263.85,259.45,260.5,157810.0
2014-05-28,260.5,263.6,260.35,263.6,151020.0
2014-05-29,263.9,264.05,262.55,263.0,103400.0
2014-05-30,263.05,263.85,260.5,260.85,181330.0
2014-06-02,262.45,263.85,262.4,262.9,1660.0
2014-06-03,263.1,263.3,261.3,263.1,2290.0
2014-06-05,263.45,263.6,260.8,261.4,2730.0
2014-06-09,262.9,264.3,261.4,261.7,5620.0
2014-06-10,263.3,264.45,262.5,264.2,12220.0
2014-06-11,264.1,265.0,263.6,263.95,18150.0
2014-06-12,263.8,264.05,262.45,263.15,64430.00000000001
2014-06-13,262.1,262.25,258.75,259.45,135960.0
2014-06-16,259.3,261.05,258.7,260.8,103400.0
2014-06-17,260.8,261.75,260.2,261.3,92610.0
2014-06-18,261.1,261.25,259.55,259.9,103350.0
2014-06-19,261.2,261.9,259.6,260.5,117640.0
2014-06-20,260.15,260.3,256.25,256.5,136590.0
2014-06-23,257.05,258.75,256.85,258.1,105050.0
2014-06-24,257.45,261.7,257.35,261.05,149540.0
2014-06-25,260.75,261.35,258.9,259.2,123310.0
2014-06-26,259.65,261.8,259.5,261.2,131300.0
2014-06-27,261.0,261.75,259.2,260.6,138590.0
2014-06-30,261.05,262.25,260.6,260.6,98970.0
2014-07-01,260.25,261.45,259.15,260.85,118280.0
2014-07-02,262.3,264.0,261.85,262.95,133600.0
2014-07-03,262.95,263.35,262.35,262.7,74330.0
2014-07-04,263.75,263.9,261.9,262.1,107890.0
2014-07-07,261.75,262.15,259.8,260.6,130370.0
2014-07-08,260.85,261.4,259.5,260.45,151940.0
2014-07-09,259.45,259.65,258.45,259.4,122950.0
2014-07-10,260.0,260.6,259.3,259.8,129900.0
2014-07-11,258.15,258.45,257.0,257.8,109240.0
2014-07-12,257.8,257.8,257.8,257.8,
2014-07-14,258.95,259.6,257.95,258.5,106600.0
2014-07-15,259.45,262.1,259.3,261.35,119010.0
2014-07-16,261.45,262.4,261.1,261.85,88410.0
2014-07-17,262.4,263.7,262.25,262.5,102600.0
2014-07-18,260.65,262.3,260.5,262.3,104390.0
2014-07-21,263.3,264.3,262.2,262.2,128509.99999999999
2014-07-22,262.2,264.1,262.2,264.0,119850.0
2014-07-23,264.45,264.7,263.4,263.6,95630.0
2014-07-24,264.0,265.15,263.35,264.05,124010.0
2014-07-25,264.25,264.95,263.95,264.95,75640.0
2014-07-28,264.9,267.5,264.65,266.9,128090.0
2014-07-29,267.8,269.85,267.5,269.85,142620.0
2014-07-30,270.25,274.6,269.95,272.95,235670.0
2014-07-31,272.5,273.9,271.1,271.65,176990.0
2014-08-01,269.45,271.6,269.3,270.4,166730.0
2014-08-04,271.2,271.35,269.3,269.9,135840.0
2014-08-05,269.7,269.95,267.8,268.45,152460.0
2014-08-06,268.1,268.8,266.85,267.8,136070.0
2014-08-07,267.15,267.55,265.6,266.25,141290.0
2014-08-08,265.65,265.75,262.45,263.1,214390.0
2014-08-11,265.15,265.15,263.8,264.8,130990.00000000001
2014-08-12,264.95,266.3,264.45,264.65,135730.0
2014-08-13,265.2,266.45,264.4,266.4,123040.0
2014-08-14,266.5,268.25,265.7,267.0,185560.0
2014-08-18,267.95,268.05,264.9,265.2,123920.0
2014-08-19,265.85,268.15,265.8,267.7,121840.0
2014-08-20,268.35,268.6,266.7,267.0,102810.0
2014-08-21,266.7,266.9,262.25,262.6,156010.0
2014-08-22,263.0,265.0,262.65,264.7,130270.00000000001
2014-08-25,264.15,265.7,262.85,265.4,130440.0
2014-08-26,266.0,267.1,265.35,266.1,120630.0
2014-08-27,267.0,268.0,266.2,266.35,131670.0
2014-08-28,267.05,268.95,266.55,266.65,153220.0
2014-08-29,266.1,266.25,264.25,265.6,173620.0
2014-09-01,265.0,265.9,264.6,265.35,82240.0
2014-09-02,264.9,265.05,262.25,262.95,149320.0
2014-09-03,262.0,262.9,260.8,262.5,172420.0
2014-09-04,263.65,264.25,262.6,262.6,139090.0
2014-09-05,262.6,263.6,261.0,261.9,177470.0
2014-09-07,263.3,263.3,263.3,263.3,
2014-09-09,263.3,263.3,263.3,263.3,
2014-09-11,262.8,263.35,261.5,261.5,61910.0
2014-09-12,262.2,263.2,261.75,262.8,117190.0
2014-09-13,262.8,262.8,262.8,262.8,
2014-09-15,261.65,262.45,260.65,262.25,118720.0
2014-09-16,262.55,263.05,261.9,262.55,82920.0
2014-09-17,264.05,265.45,263.85,265.45,108400.0
2014-09-18,265.05,265.1,263.25,264.1,108390.0
2014-09-19,264.9,265.45,264.3,264.6,102450.0
2014-09-22,263.3,263.3,260.25,261.1,125560.0
2014-09-23,259.95,261.25,259.95,260.5,124590.0
2014-09-24,259.35,260.55,258.75,260.5,109490.0
2014-09-25,261.3,261.6,259.65,260.15,116360.0
2014-09-26,258.3,259.5,258.2,259.45,93930.0
2014-09-27,259.45,259.45,259.45,259.45,
2014-09-29,259.45,260.1,258.15,258.5,114260.0
2014-09-30,258.25,258.9,256.5,257.0,151400.0
2014-10-01,256.4,256.5,253.9,254.4,130970.0
2014-10-02,252.8,252.8,249.85,250.9,194650.0
2014-10-05,250.9,250.9,250.9,250.9,
2014-10-06,252.0,252.1,250.15,250.85,129830.00000000001
2014-10-07,251.6,252.05,250.05,250.8,143650.0
2014-10-08,249.2,250.55,248.75,250.3,175200.0
2014-10-10,247.1,247.25,245.05,245.6,151020.0
2014-10-13,243.25,246.1,243.25,246.1,138660.0
2014-10-14,246.3,247.2,244.8,244.8,150290.0
2014-10-15,245.4,246.3,243.9,245.5,155750.0
2014-10-16,242.9,244.35,242.15,243.65,149440.0
2014-10-17,244.35,244.45,240.7,240.9,188530.0
2014-10-20,243.2,245.05,243.15,244.4,139430.0
2014-10-21,243.4,243.4,241.35,242.4,168900.0
2014-10-22,245.1,245.1,243.5,244.55,139640.0
2014-10-23,243.8,245.85,243.5,244.6,162480.0
2014-10-24,245.25,245.3,242.2,243.3,169860.0
2014-10-27,245.0,245.9,244.3,244.8,125100.0
2014-10-28,245.15,245.15,243.9,244.45,101480.0
2014-10-29,245.8,249.8,245.2,249.2,224120.0
2014-10-30,248.3,249.0,247.5,249.0,152890.0
2014-10-31,249.75,250.75,248.2,250.2,208530.0
2014-11-03,249.75,250.3,248.65,249.05,140940.0
2014-11-04,248.45,249.9,246.6,247.0,185150.0
2014-11-05,247.75,248.35,246.35,246.6,148630.0
2014-11-06,246.25,248.45,245.75,248.05,192940.0
2014-11-07,248.05,248.7,247.4,248.3,122750.0
2014-11-10,249.75,251.75,249.75,250.8,141380.0
2014-11-11,250.55,251.45,250.45,250.5,111130.0
2014-11-12,250.55,252.65,250.35,251.45,157800.0
2014-11-13,251.75,252.15,250.05,250.5,190030.0
2014-11-14,249.7,249.7,247.45,248.5,140580.0
2014-11-16,248.5,248.5,248.5,248.5,
2014-11-17,247.85,249.55,247.35,249.25,134770.0
2014-11-18,250.1,251.7,250.1,251.25,129150.0
2014-11-19,252.0,252.0,250.2,250.5,98740.0
2014-11-20,249.85,250.65,248.9,250.1,117840.0
2014-11-21,250.6,251.2,249.85,250.45,93120.0
2014-11-24,252.75,253.75,252.75,253.1,103110.0
2014-11-25,253.05,253.3,252.4,252.9,88980.0
2014-11-26,252.95,252.95,251.35,252.15,121640.0
2014-11-27,254.05,254.6,253.45,253.8,127160.0
2014-11-28,253.7,254.3,253.25,254.0,93950.0
2014-12-01,252.3,252.3,250.75,251.3,121500.0
2014-12-02,250.7,251.5,250.15,251.45,118990.0
2014-12-03,251.65,252.25,251.05,251.85,115560.0
2014-12-04,252.2,254.9,252.15,254.85,173750.0
2014-12-05,254.45,255.0,254.15,254.35,97490.0
2014-12-07,253.15,253.15,253.15,253.15,
2014-12-08,253.15,253.85,252.65,252.75,5600.0
2014-12-09,252.05,252.45,251.35,251.95,11630.0
2014-12-10,251.2,251.2,247.4,247.4,33360.0
2014-12-11,245.85,246.7,244.4,244.85,77580.0
2014-12-12,244.65,245.35,243.95,244.6,111020.0
2014-12-15,241.9,245.8,241.9,245.8,126250.0
2014-12-16,243.55,245.15,242.9,243.5,147750.0
2014-12-17,244.35,244.35,242.6,242.6,111990.0
2014-12-18,245.1,245.5,240.9,242.45,171850.0
2014-12-19,245.65,246.9,244.65,246.5,140040.0
2014-12-22,246.95,248.25,246.1,247.8,110620.0
2014-12-23,248.0,248.15,247.2,247.2,74210.0
2014-12-24,247.2,248.75,247.1,248.35,95530.0
2014-12-26,248.7,249.75,248.3,248.9,90110.0
2014-12-29,249.6,249.85,247.4,247.4,106060.0
2014-12-30,247.65,248.3,244.0,244.0,143640.0
2015-01-02,244.0,245.7,243.9,245.5,104390.0
2015-01-05,244.3,245.45,242.45,244.75,172530.0
2015-01-06,242.05,242.6,239.75,240.5,204320.0
2015-01-07,240.1,241.15,239.7,241.05,166380.0
2015-01-08,242.3,244.7,242.05,243.95,218490.0
2015-01-09,246.25,247.7,245.75,247.1,134850.0
2015-01-12,245.75,247.1,245.5,246.45,111040.0
2015-01-13,246.05,247.45,245.3,247.45,129120.0
2015-01-14,246.8,248.2,246.1,246.25,131170.0
2015-01-15,246.0,247.4,245.4,247.4,140410.0
2015-01-16,244.95,244.95,242.45,243.15,152270.0
2015-01-17,243.15,243.15,243.15,243.15,
2015-01-19,244.75,246.7,244.6,246.5,122370.0
2015-01-20,246.5,248.4,246.5,247.9,125890.0
2015-01-21,247.4,249.0,247.3,248.8,121540.0
2015-01-22,250.05,250.85,249.35,249.65,114680.0
2015-01-23,252.9,252.9,250.55,251.2,112890.0
2015-01-25,251.2,251.2,251.2,251.2,
2015-01-26,249.75,251.15,249.05,250.95,93670.0
2015-01-27,252.05,252.8,251.55,252.7,100380.0
2015-01-28,251.55,253.1,251.5,252.65,105930.0
2015-01-29,250.7,252.75,250.4,252.0,117050.0
2015-01-30,252.8,252.9,251.15,251.2,120840.0
2015-02-02,250.2,251.95,250.2,251.25,102110.0
2015-02-03,252.15,252.15,249.65,250.7,130850.0
2015-02-04,252.4,253.55,252.3,252.45,107400.0
2015-02-05,252.15,252.35,249.7,249.75,131780.0
2015-02-06,250.35,250.55,249.4,250.5,98630.0
2015-02-09,249.4,250.55,248.95,250.15,98980.0
2015-02-10,249.85,251.05,248.55,248.55,135280.0
2015-02-11,248.75,249.5,248.4,249.05,94450.0
2015-02-12,248.85,249.15,246.7,248.4,164670.0
2015-02-13,249.35,250.35,249.15,250.0,86070.0
2015-02-16,250.35,250.8,250.05,250.55,67320.0
2015-02-17,249.85,251.4,249.4,250.95,83770.0
2015-02-19,250.95,250.95,250.95,250.95,
2015-02-21,250.95,250.95,250.95,250.95,
2015-02-23,252.7,253.2,251.55,251.65,93630.0
2015-02-24,251.75,252.45,251.55,252.0,68630.0
2015-02-25,252.85,253.5,252.65,252.9,92690.0
2015-02-26,253.0,253.15,252.25,252.75,72830.0
2015-02-27,252.45,252.75,251.25,252.1,110700.0
2015-03-02,252.9,253.6,252.45,253.55,106260.0
2015-03-03,254.3,254.75,253.85,254.6,96260.0
2015-03-04,254.15,254.4,253.9,254.3,74670.0
2015-03-05,253.65,254.65,253.5,254.45,95890.0
2015-03-06,254.6,255.85,254.55,255.8,94770.0
2015-03-09,255.9,256.3,254.15,254.4,8770.0
2015-03-10,255.0,255.05,253.1,253.2,19810.0
2015-03-11,251.3,253.25,251.2,252.5,31980.0
2015-03-12,252.45,253.8,251.75,252.75,57880.0
2015-03-13,253.55,254.05,252.9,253.6,97250.0
2015-03-14,253.6,253.6,253.6,253.6,
2015-03-16,252.9,254.2,252.9,254.1,67480.0
2015-03-17,255.0,259.9,254.7,259.45,192420.0
2015-03-18,259.9,260.85,259.7,260.0,125830.0
2015-03-19,261.6,261.85,260.15,260.6,130190.0
2015-03-20,260.35,260.8,259.4,260.15,105200.0
2015-03-23,260.8,261.6,259.65,260.25,134480.0
2015-03-24,259.65,260.45,258.85,260.45,126290.0
2015-03-25,260.5,261.25,260.1,260.55,103810.0
2015-03-26,258.6,259.95,257.6,257.75,138060.0
2015-03-27,257.8,258.4,257.1,257.55,113320.0
2015-03-30,257.25,257.95,256.45,257.6,97460.0
2015-03-31,259.05,259.4,257.45,257.6,119540.0
2015-04-01,257.7,257.9,255.7,255.7,133630.0
2015-04-02,256.45,257.3,255.9,256.35,118370.0
2015-04-03,256.8,258.35,256.45,258.35,103300.0
2015-04-06,258.0,259.3,257.6,257.95,119070.0
2015-04-07,259.05,259.1,257.5,257.6,112260.0
2015-04-08,257.65,259.75,257.55,259.45,130729.99999999999
2015-04-09,259.4,260.1,258.55,259.0,153880.0
2015-04-10,259.8,263.3,259.75,262.5,142800.0
2015-04-13,263.2,264.7,262.8,264.5,100140.0
2015-04-14,264.4,266.45,264.4,265.9,134610.0
2015-04-15,266.2,267.5,265.8,266.95,139070.0
2015-04-16,267.9,269.3,267.8,269.25,140850.0
2015-04-17,269.3,269.85,268.65,268.9,97750.0
2015-04-20,268.1,269.4,268.05,269.1,127320.0
2015-04-21,269.45,269.55,268.5,269.05,111330.0
2015-04-22,269.0,272.0,268.9,270.25,187250.0
2015-04-23,271.1,274.0,270.05,274.0,191590.0
2015-04-24,274.4,276.05,271.9,272.05,217630.0
2015-04-27,273.1,273.2,271.15,271.4,119230.0
2015-04-28,272.2,272.2,269.75,270.2,140840.0
2015-04-29,270.8,270.8,267.6,269.0,166660.0
2015-04-30,268.05,268.8,267.15,268.15,154220.0
2015-05-04,268.55,269.55,268.05,269.1,94550.0
2015-05-06,267.5,267.55,264.25,264.3,164370.0
2015-05-07,263.85,264.0,261.4,263.15,181670.0
2015-05-08,263.2,263.2,261.5,261.5,103370.0
2015-05-11,263.7,264.45,262.25,262.5,143460.0
2015-05-12,262.0,262.75,261.4,262.5,137110.0
2015-05-13,262.3,264.35,262.3,263.95,157970.0
2015-05-14,263.35,264.35,263.0,264.1,153270.0
2015-05-15,265.45,265.85,261.25,261.25,174920.0
2015-05-18,261.45,262.2,260.55,261.85,100150.0
2015-05-19,262.25,263.95,261.3,263.45,127360.0
2015-05-20,263.65,265.8,263.5,265.8,121450.0
2015-05-21,265.15,265.55,262.5,262.5,144600.0
2015-05-22,263.4,266.2,263.35,265.8,143350.0
2015-05-26,266.25,266.25,264.5,265.2,139390.0
2015-05-27,263.9,263.95,259.4,259.4,193330.0
2015-05-28,260.7,261.75,259.85,260.15,144280.0
2015-05-29,259.35,262.35,259.35,261.2,179950.0
2015-06-01,260.3,260.3,257.25,258.6,178550.0
2015-06-02,258.75,259.7,255.8,256.65,181500.0
2015-06-03,256.95,257.3,253.95,254.4,193680.0
2015-06-04,254.9,256.8,254.0,254.85,215570.0
2015-06-05,253.6,255.75,253.6,255.6,3840.0
2015-06-08,255.35,255.55,253.95,255.2,10070.0
2015-06-09,254.7,255.85,253.4,254.7,22640.0
2015-06-10,255.65,255.9,252.5,252.9,32560.000000000004
2015-06-11,253.9,254.0,252.5,253.85,54360.0
2015-06-12,254.7,255.6,251.25,251.4,166780.0
2015-06-15,249.8,251.8,249.7,251.15,116300.0
2015-06-16,251.15,251.25,246.9,248.3,188190.0
2015-06-17,248.9,249.5,247.55,249.5,137080.0
2015-06-18,250.35,251.5,248.9,249.45,191050.0
2015-06-19,251.05,251.35,250.05,251.0,140890.0
2015-06-22,251.9,252.9,250.85,252.0,119750.0
2015-06-23,253.3,255.5,252.5,255.5,166050.0
2015-06-24,255.5,255.5,254.6,254.85,93660.0
2015-06-25,254.1,255.2,253.65,254.7,118130.0
2015-06-26,253.5,255.5,253.0,254.9,128130.0
2015-06-29,250.8,251.85,250.3,251.7,158050.0
2015-06-30,250.7,252.35,250.5,252.25,124590.0
2015-07-01,252.15,255.75,251.55,255.75,179530.0
2015-07-02,255.8,256.3,255.35,255.75,103310.0
2015-07-03,255.5,255.85,253.85,255.1,130970.0
2015-07-06,252.05,253.25,248.35,248.5,257670.00000000003
2015-07-07,249.65,249.9,247.55,249.1,202750.0
2015-07-08,248.75,249.25,245.5,245.55,242350.0
2015-07-09,244.3,247.65,242.55,247.65,297750.0
2015-07-10,248.0,248.0,246.35,247.75,139290.0
2015-07-13,247.25,250.85,246.95,249.3,179220.0
2015-07-14,250.5,250.5,248.15,249.15,150130.0
2015-07-15,249.8,251.9,248.65,249.65,184440.0
2015-07-16,249.45,251.55,249.4,251.5,127570.0
2015-07-17,252.9,252.9,249.45,249.8,149160.0
2015-07-20,249.8,251.1,248.65,249.2,99020.0
2015-07-21,249.75,251.4,248.6,249.8,139330.0
2015-07-22,248.5,249.25,246.9,247.6,143150.0
2015-07-23,248.0,248.1,246.55,247.45,133960.0
2015-07-24,246.45,246.45,244.2,244.65,128250.0
2015-07-27,243.5,245.6,243.25,245.4,151150.0
2015-07-28,244.25,245.9,243.5,245.5,164030.0
2015-07-29,246.3,246.75,245.55,246.75,128810.0
2015-07-30,246.7,246.95,244.15,244.45,157740.0
2015-07-31,244.25,244.65,242.35,243.4,147990.0
2015-08-03,243.65,243.65,241.4,242.25,119130.0
2015-08-04,242.0,243.35,241.9,243.2,132610.0
2015-08-05,243.1,244.15,242.4,243.7,144680.0
2015-08-06,243.75,243.75,240.2,240.2,172340.0
2015-08-07,239.55,240.35,238.95,239.8,125540.0
2015-08-10,239.5,239.65,238.45,239.6,126590.0
2015-08-11,240.85,242.15,238.35,238.6,234320.0
2015-08-12,237.75,238.85,235.35,236.55,263590.0
2015-08-13,236.55,238.5,236.1,238.5,261510.0
2015-08-17,238.35,238.35,235.8,236.15,130820.0
2015-08-18,236.6,237.0,235.35,235.35,128370.0
2015-08-19,235.2,235.85,233.0,233.45,159270.0
2015-08-20,233.5,233.75,231.35,231.35,137260.0
2015-08-21,226.55,228.4,226.25,228.15,208420.0
2015-08-24,225.35,226.4,216.95,220.7,323120.0
2015-08-25,222.0,225.25,218.25,223.05,296330.0
2015-08-26,221.4,227.7,220.75,226.95,281510.0
2015-08-27,228.3,229.65,227.25,228.0,207030.0
2015-08-28,230.45,231.7,230.05,231.7,157070.0
2015-08-31,231.05,231.05,231.05,231.05,
2015-09-01,230.3,231.15,228.4,228.8,178940.0
2015-09-02,226.2,230.2,226.2,229.45,204800.0
2015-09-03,230.25,230.5,228.9,229.5,135010.0
2015-09-04,229.75,229.95,226.65,228.1,4760.0
2015-09-07,227.9,229.3,226.95,228.15,15970.0
2015-09-08,228.15,228.5,226.85,228.5,28050.0
2015-09-09,230.2,235.45,230.2,235.2,48200.0
2015-09-10,233.25,236.0,232.65,234.45,89270.0
2015-09-11,234.1,235.55,233.65,234.0,126420.0
2015-09-14,234.95,234.95,231.5,232.45,146770.0
2015-09-15,232.8,233.9,232.4,233.1,115280.0
2015-09-16,234.75,239.95,234.75,239.2,177300.0
2015-09-17,241.2,241.2,239.3,239.9,121450.0
2015-09-18,239.3,242.0,236.9,241.3,198800.0
2015-09-21,238.4,239.1,236.15,237.1,135420.0
2015-09-22,237.65,238.95,236.8,238.5,115080.0
2015-09-23,235.55,237.35,234.7,235.6,139300.0
2015-09-24,236.1,236.1,234.25,234.9,107330.0
2015-09-25,234.65,235.5,233.05,234.85,135360.0
2015-09-30,230.8,236.75,230.8,236.4,140370.0
2015-10-01,236.1,240.4,235.7,239.0,158110.0
2015-10-02,238.7,239.25,237.2,237.2,126080.0
2015-10-05,238.35,240.8,237.5,238.25,169140.0
2015-10-06,240.8,241.2,239.85,240.15,136900.0
2015-10-07,240.8,243.95,240.8,243.8,164560.0
2015-10-08,245.1,245.9,243.8,245.8,192310.0
2015-10-12,246.65,248.45,246.05,247.15,124560.0
2015-10-13,246.9,247.8,245.9,246.5,104450.0
2015-10-14,246.0,246.45,244.45,246.1,123100.0
2015-10-15,245.65,249.65,245.65,249.1,131200.0
2015-10-16,249.2,249.2,247.65,248.3,94110.0
2015-10-19,248.7,249.2,247.15,248.05,104080.0
2015-10-20,247.95,249.3,247.6,248.9,88640.0
2015-10-21,248.8,251.6,248.7,249.7,122680.0
2015-10-22,249.2,249.85,247.85,248.35,120940.0
2015-10-23,251.05,252.3,249.95,250.15,130979.99999999999
2015-10-26,251.6,251.65,250.6,250.8,84550.0
2015-10-27,250.75,251.15,249.55,251.1,102820.0
2015-10-28,250.8,251.1,249.1,251.1,113030.0
2015-10-29,250.7,253.55,249.45,249.5,171100.0
2015-10-30,249.25,251.5,249.25,251.2,133690.0
2015-11-02,250.35,251.25,249.65,250.65,109370.0
2015-11-03,252.2,253.8,252.2,253.35,108640.0
2015-11-04,254.1,254.1,252.0,252.95,125860.0
2015-11-05,252.25,252.85,251.2,252.55,109150.0
2015-11-06,252.25,252.75,250.3,250.85,105160.0
2015-11-09,250.1,250.75,249.2,250.25,108390.0
2015-11-10,248.3,248.45,245.9,245.9,143610.0
2015-11-11,245.65,246.7,244.55,246.0,142350.0
2015-11-12,245.9,246.3,245.3,246.0,123390.0
2015-11-13,243.75,244.25,242.8,242.8,116250.0
2015-11-16,240.2,241.55,239.75,240.4,110060.0
2015-11-17,242.05,242.75,241.15,241.75,110860.0
2015-11-18,241.45,242.5,241.2,241.55,83830.0
2015-11-19,243.45,244.95,242.65,244.95,112600.0
2015-11-20,244.9,245.4,244.65,245.05,69550.0
2015-11-23,245.75,247.1,245.5,247.0,84800.0
2015-11-24,246.8,247.75,246.55,247.6,83990.0
2015-11-25,247.6,247.7,246.5,247.35,80620.0
2015-11-26,247.6,250.55,247.6,250.3,101210.0
2015-11-27,250.6,250.9,249.7,249.7,73670.0
2015-11-30,248.6,248.65,243.9,244.85,178540.0
2015-12-01,245.9,248.95,245.75,248.5,151840.0
2015-12-02,248.7,248.7,246.8,246.8,107190.0
2015-12-03,245.3,245.3,242.95,244.6,153460.0
2015-12-04,241.8,243.2,239.2,239.2,3670.0
2015-12-07,241.1,241.15,238.4,238.95,7290.0
2015-12-08,238.6,239.55,236.95,237.45,17930.0
2015-12-09,237.75,238.2,237.0,237.5,20220.0
2015-12-10,237.15,239.15,236.55,238.35,49500.0
2015-12-11,237.95,239.75,237.4,238.0,103050.0
2015-12-14,235.45,236.3,234.55,236.3,108430.0
2015-12-15,237.15,237.2,236.15,236.85,82590.0
2015-12-16,238.55,242.45,238.55,241.9,126280.0
2015-12-17,242.75,243.4,240.7,241.0,122150.0
2015-12-18,239.3,242.1,239.15,241.4,121490.0
2015-12-21,241.1,242.75,239.5,241.5,110180.0
2015-12-22,242.1,242.65,240.25,242.3,90110.0
2015-12-23,243.05,245.4,242.75,244.75,96180.0
2015-12-24,245.85,246.05,242.4,242.4,87180.0
2015-12-28,243.45,243.6,239.8,239.8,106370.0
2015-12-29,240.6,242.4,239.3,242.4,114550.0
2015-12-30,242.5,242.95,240.3,240.45,95640.0
2016-01-04,239.35,239.35,234.7,235.0,136980.0
2016-01-05,234.9,237.4,234.9,236.4,155780.0
2016-01-06,236.7,236.7,233.7,235.45,181500.0
2016-01-07,234.3,235.2,232.0,232.5,166300.0
2016-01-08,230.95,234.4,230.7,233.8,206120.0
2016-01-11,230.95,232.35,230.5,231.75,137190.0
2016-01-12,232.75,233.0,230.4,230.4,165780.0
2016-01-13,232.15,234.75,232.0,234.5,146510.0
2016-01-14,231.45,233.1,229.65,233.1,194830.0
2016-01-15,233.8,234.15,228.25,229.05,174270.0
2016-01-18,226.5,229.65,226.45,229.15,154770.0
2016-01-19,229.05,230.5,227.2,230.5,168730.0
2016-01-20,229.3,229.3,223.3,223.7,190390.0
2016-01-21,225.25,226.8,224.25,224.9,202950.0
2016-01-22,226.65,229.7,226.65,229.7,170690.0
2016-01-25,229.9,231.95,229.4,231.2,120870.0
2016-01-26,229.3,229.45,226.35,227.8,163650.0
2016-01-27,229.65,231.55,229.65,230.95,154440.0
2016-01-28,229.35,231.65,228.35,231.0,138980.0
2016-01-29,230.9,232.3,229.3,232.3,190770.0
2016-02-01,233.2,234.65,232.6,233.5,140970.0
2016-02-02,232.55,233.5,231.7,231.9,126220.0
2016-02-03,229.45,229.45,227.95,228.9,147250.0
2016-02-04,231.0,233.75,230.45,233.6,161640.0
2016-02-05,232.8,234.7,232.8,234.0,115800.0
2016-02-11,228.45,228.9,226.8,227.0,171020.0
2016-02-12,226.1,227.1,224.2,225.7,179000.0
2016-02-15,228.2,229.45,227.75,228.75,117880.0
2016-02-16,229.1,232.75,229.1,232.05,139930.0
2016-02-17,231.5,233.7,231.45,232.5,142350.0
2016-02-18,235.65,235.65,234.35,234.6,116380.0
2016-02-19,234.2,235.3,234.2,234.85,104880.0
2016-02-22,234.4,236.35,234.15,235.75,97360.0
2016-02-23,236.65,236.8,234.95,236.0,123970.0
2016-02-24,235.3,236.15,234.35,235.25,134720.0
2016-02-25,236.0,237.5,234.7,235.45,149910.0
2016-02-26,236.85,237.15,235.75,235.8,117890.0
2016-02-29,235.25,236.85,235.15,235.2,125780.0
2016-03-02,238.65,239.6,238.45,239.55,114270.0
2016-03-03,239.9,240.15,239.4,240.0,98440.0
2016-03-04,239.85,240.7,239.6,240.2,85660.0
2016-03-07,240.65,241.45,240.4,241.45,8010.0
2016-03-08,241.85,241.85,238.9,239.95,18140.0
2016-03-09,239.35,241.05,238.95,240.8,26340.0
2016-03-10,241.4,244.05,241.05,243.8,59910.0
2016-03-11,243.0,244.05,242.9,243.6,100760.0
2016-03-14,244.8,244.8,243.05,243.35,80320.0
2016-03-15,243.3,244.0,242.25,243.25,89470.0
2016-03-16,243.8,244.9,243.15,243.6,93990.0
2016-03-17,244.75,247.25,244.75,245.2,143510.0
2016-03-18,246.15,246.15,244.8,245.35,89900.0
2016-03-21,246.15,246.8,244.3,244.85,104780.0
2016-03-22,245.5,246.4,245.0,246.4,91390.0
2016-03-23,246.3,247.1,245.6,245.8,111020.0
2016-03-24,245.1,246.05,244.25,245.35,118340.0
2016-03-25,245.65,245.85,244.75,245.05,63140.0
2016-03-28,245.0,246.0,244.75,245.4,70630.0
2016-03-29,245.45,246.95,245.3,246.7,107420.0
2016-03-30,247.65,248.4,247.45,247.8,87040.0
2016-03-31,248.1,248.1,245.9,246.4,111100.0
2016-04-01,246.3,246.4,242.55,242.55,147530.0
2016-04-04,243.2,243.8,242.7,243.5,73340.0
2016-04-05,242.7,242.9,241.05,241.3,109110.0
2016-04-06,241.5,243.05,241.3,242.9,108560.0
2016-04-07,243.5,243.8,241.75,243.0,115300.0
2016-04-08,241.2,242.35,240.0,242.2,124800.0
2016-04-11,242.1,242.75,241.15,242.65,110240.0
2016-04-12,242.55,244.4,242.25,244.2,133380.0
2016-04-14,247.2,249.6,247.2,249.3,163990.0
2016-04-15,249.3,250.0,248.95,249.45,88130.0
2016-04-18,247.25,248.55,246.85,248.35,94990.0
2016-04-19,249.15,249.85,248.5,248.9,84130.0
2016-04-20,249.3,250.3,247.8,247.95,103970.0
2016-04-21,249.2,250.25,248.75,249.9,101780.0
2016-04-22,248.9,249.5,248.45,248.7,89300.0
2016-04-25,248.8,248.9,247.6,248.5,83250.0
2016-04-26,248.5,249.95,248.25,249.2,110700.0
2016-04-27,248.9,249.6,248.9,249.15,62120.0
2016-04-28,250.1,250.3,246.45,246.45,157020.0
2016-04-29,246.6,246.7,244.5,245.35,115720.0
2016-05-02,244.95,245.1,243.6,244.25,84250.0
2016-05-03,244.9,244.9,243.85,244.45,78570.0
2016-05-04,243.2,243.85,242.4,243.35,103520.0
2016-05-09,243.45,243.45,242.1,242.55,86760.0
2016-05-10,241.95,243.8,241.95,243.8,108250.0
2016-05-11,244.3,244.3,242.0,242.8,139890.0
2016-05-12,242.35,243.3,241.7,242.9,149800.0
2016-05-13,242.45,242.7,240.35,240.4,114800.0
2016-05-16,239.85,241.7,239.85,241.2,90050.0
2016-05-17,241.2,241.45,240.4,241.25,81930.0
2016-05-18,240.45,240.45,238.35,239.3,134790.0
2016-05-19,239.15,239.6,238.75,238.9,78710.0
2016-05-20,239.0,239.7,238.45,239.05,87900.0
2016-05-23,239.35,240.1,237.9,239.75,105550.0
2016-05-24,239.3,239.3,237.95,238.1,88810.0
2016-05-25,239.7,241.65,239.4,241.3,107530.0
2016-05-26,241.35,242.1,240.7,241.2,91140.0
2016-05-27,241.5,242.45,241.0,242.15,109080.0
2016-05-30,242.1,242.25,240.5,241.75,110710.0
2016-05-31,241.45,243.55,240.4,243.35,164010.0
2016-06-01,242.7,244.05,242.45,243.7,115650.0
2016-06-02,243.75,244.3,243.3,244.2,101990.0
2016-06-03,244.7,245.8,243.9,245.8,7100.0
2016-06-07,246.4,249.0,246.3,249.0,15310.0
2016-06-08,249.0,251.35,248.8,250.9,37630.0
2016-06-09,251.2,252.6,250.15,251.4,69350.0
2016-06-10,251.1,251.1,250.05,250.3,89630.0
2016-06-13,248.4,248.4,244.75,244.75,138490.0
2016-06-14,244.5,245.2,243.45,244.05,136750.0
2016-06-15,243.6,244.8,242.85,244.15,123540.0
2016-06-16,244.1,244.25,241.15,242.05,136250.0
2016-06-17,243.85,244.75,242.25,242.75,152110.0
2016-06-20,245.25,246.1,244.6,245.7,109460.0
2016-06-21,245.3,245.95,244.6,245.75,92150.0
2016-06-22,245.4,247.75,245.25,247.4,125910.0
2016-06-23,247.15,247.55,246.6,247.2,76430.0
2016-06-24,248.1,248.75,235.95,238.95,380800.0
2016-06-27,237.8,239.9,237.75,239.8,136540.0
2016-06-28,237.35,240.9,237.2,240.6,143160.0
2016-06-29,241.35,244.3,240.9,242.9,148180.0
2016-06-30,244.5,244.6,243.05,244.25,136380.0
2016-07-01,244.85,247.75,244.85,246.95,132840.0
2016-07-04,247.15,248.2,246.6,248.05,89570.0
2016-07-05,247.65,247.85,246.8,247.4,81930.0
2016-07-06,246.45,246.45,241.8,242.15,196310.0
2016-07-07,243.5,245.7,243.0,244.9,136400.0
2016-07-08,244.45,245.65,243.3,244.15,139040.0
2016-07-11,246.2,248.15,246.2,247.3,133840.0
2016-07-12,247.75,249.1,247.25,247.55,129560.0
2016-07-13,249.55,250.55,248.45,249.35,177590.0
2016-07-14,249.4,250.25,249.0,250.0,134580.0
2016-07-15,250.95,252.15,250.25,251.25,114030.0
2016-07-18,251.35,252.05,251.05,251.65,64110.0
2016-07-19,251.85,251.85,250.4,251.0,84430.0
2016-07-20,250.95,250.95,249.3,250.9,96740.0
2016-07-21,251.65,251.65,250.4,250.9,72700.0
2016-07-22,249.75,251.15,249.15,250.75,79990.0
2016-07-25,251.3,251.9,250.25,250.85,101070.0
2016-07-26,250.75,253.3,250.45,253.3,107440.0
2016-07-27,253.35,253.75,252.95,253.35,78300.0
2016-07-28,253.35,253.5,251.6,252.0,96270.0
2016-07-29,252.25,253.75,251.8,252.4,131420.0
2016-08-01,253.1,254.45,253.1,254.3,85510.0
2016-08-02,253.6,253.75,252.1,252.2,86470.0
2016-08-03,250.6,250.65,248.9,249.0,127710.0
2016-08-04,250.0,250.45,248.85,249.6,96190.0
2016-08-05,250.0,252.7,250.0,252.7,99140.0
2016-08-08,253.95,254.65,252.9,254.2,102830.0
2016-08-09,254.55,256.65,254.3,256.0,115630.0
2016-08-10,255.9,256.7,255.2,255.2,111910.0
2016-08-11,255.5,256.05,254.65,256.05,125360.0
2016-08-12,256.75,258.2,256.15,256.25,112170.0
2016-08-16,257.4,258.2,256.3,256.55,86770.0
2016-08-17,256.15,256.65,255.2,256.2,93650.0
2016-08-18,256.3,258.5,256.0,258.5,100050.0
2016-08-19,258.45,258.75,257.65,258.45,85370.0
2016-08-22,258.35,258.4,257.0,257.2,88910.0
2016-08-23,257.4,258.5,257.25,258.35,83050.0
2016-08-24,258.25,258.55,256.7,257.05,85050.0
2016-08-25,257.0,258.05,256.2,257.4,87840.0
2016-08-26,256.6,256.85,255.25,256.7,96850.0
2016-08-29,255.0,256.9,254.4,256.6,88980.0
2016-08-30,257.4,259.1,257.3,257.95,103180.0
2016-08-31,257.65,257.8,256.15,256.5,92510.0
2016-09-01,255.15,256.25,254.05,256.25,112790.0
2016-09-02,256.2,256.55,255.5,256.55,80140.0
2016-09-05,257.8,259.85,257.75,259.8,110930.0
2016-09-06,259.7,260.9,259.6,260.85,74780.0
2016-09-07,260.85,262.1,259.9,259.95,98520.0
2016-09-08,260.7,261.45,259.55,260.86,128289.99999999999
2016-09-09,259.2,259.65,257.2,258.0,122220.0
2016-09-12,253.5,254.5,251.15,251.7,147890.0
2016-09-13,254.6,254.6,251.9,252.05,117760.0
2016-09-19,251.05,254.85,251.0,254.6,92740.0
2016-09-20,253.8,255.35,253.6,255.1,84640.0
2016-09-21,254.9,256.85,254.7,256.6,108000.0
2016-09-22,258.6,260.1,258.35,259.1,96550.0
2016-09-23,259.8,259.8,258.55,259.0,82490.0
2016-09-26,259.05,260.0,257.65,258.3,96330.0
2016-09-27,257.3,260.4,255.9,260.4,150310.0
2016-09-28,259.6,259.8,258.8,258.9,66370.0
2016-09-29,260.15,261.65,260.05,261.05,100450.0
2016-09-30,259.0,259.75,257.8,258.2,110900.0
2016-10-04,259.45,260.4,259.0,259.5,75380.0
2016-10-05,257.75,260.0,257.0,259.55,111860.0
2016-10-06,261.35,261.8,260.05,261.1,88950.0
2016-10-07,261.15,261.55,260.3,260.55,70700.0
2016-10-10,259.55,261.15,258.35,261.0,102590.0
2016-10-11,260.35,261.1,256.85,257.0,162470.0
2016-10-12,255.5,257.35,255.35,256.4,137940.0
2016-10-13,256.4,256.8,254.1,254.3,187010.0
2016-10-14,255.05,256.5,255.05,255.7,103490.0
2016-10-17,256.2,257.1,253.95,256.2,132430.0
2016-10-18,256.4,258.2,256.3,258.1,82870.0
2016-10-19,257.5,259.65,257.3,258.25,87520.0
2016-10-20,258.6,259.65,258.35,258.55,81930.0
2016-10-21,258.5,258.9,257.15,257.65,100520.0
2016-10-24,258.25,259.65,258.25,259.55,101330.0
2016-10-25,258.85,259.4,258.3,258.8,74880.0
2016-10-26,257.6,257.75,254.4,255.7,137030.0
2016-10-27,256.45,257.15,255.9,256.9,91690.0
2016-10-28,256.2,257.6,256.2,257.15,89220.0
2016-10-31,255.75,257.05,255.25,256.5,92650.0
2016-11-01,256.05,256.5,253.8,256.5,135730.0
2016-11-02,254.5,254.95,252.8,253.15,124460.0
2016-11-03,252.7,254.0,252.1,253.7,131260.0
2016-11-04,253.05,253.6,252.25,253.05,92830.0
2016-11-07,255.8,255.9,254.3,255.15,96400.0
2016-11-08,256.25,256.4,254.35,256.0,98970.0
2016-11-09,256.8,257.45,246.8,249.9,477980.0
2016-11-10,253.9,255.65,253.1,255.3,179720.0
2016-11-11,253.4,254.0,252.15,252.7,117520.0
2016-11-14,252.2,252.8,250.35,250.65,108890.0
2016-11-15,250.35,251.3,249.55,249.55,95000.0
2016-11-16,251.15,251.7,250.4,250.45,76090.0
2016-11-17,249.9,250.85,248.8,250.25,94510.0
2016-11-18,250.95,251.05,249.3,250.4,91210.0
2016-11-21,249.8,250.8,249.25,249.8,84050.0
2016-11-22,250.5,253.05,250.45,252.55,97070.0
2016-11-23,252.7,254.65,252.3,253.55,94900.0
2016-11-24,253.65,253.9,251.65,252.45,109600.0
2016-11-25,252.8,253.0,251.9,252.2,84700.0
2016-11-28,252.3,253.5,250.8,253.15,103150.0
2016-11-29,253.15,253.65,252.55,252.8,100950.0
2016-11-30,253.05,254.95,253.0,254.15,132950.0
2016-12-01,254.55,255.05,253.85,254.2,88280.0
2016-12-02,253.4,253.95,252.25,252.65,113770.0
2016-12-05,252.2,252.95,251.45,252.7,107580.0
2016-12-06,254.1,256.05,254.1,255.4,116860.0
2016-12-07,256.2,256.65,255.6,256.2,85040.0
2016-12-08,258.4,260.95,258.3,262.0,133380.0
2016-12-09,257.85,258.2,257.2,258.2,73430.0
2016-12-12,259.0,259.0,256.95,257.3,96230.0
2016-12-13,257.75,258.4,257.35,258.0,75020.0
2016-12-14,259.3,260.0,258.2,258.5,88510.0
2016-12-15,256.8,258.9,256.5,258.35,107600.0
2016-12-16,257.9,259.15,257.7,258.5,87050.0
2016-12-19,258.2,259.45,258.15,259.0,70950.0
2016-12-20,259.15,259.9,258.95,259.35,67630.0
2016-12-21,260.15,260.95,259.15,259.2,87630.0
2016-12-22,259.4,259.65,258.8,259.1,59360.0
2016-12-23,258.8,259.1,258.45,258.6,51640.0
2016-12-26,258.85,259.1,258.5,258.9,29090.0
2016-12-27,258.9,259.5,258.85,259.5,33820.0
2016-12-28,260.05,260.75,259.95,260.4,73970.0
2016-12-29,259.9,260.35,259.25,260.05,74130.0
2017-01-02,260.05,261.9,259.25,261.2,81170.0
2017-01-03,261.75,263.2,261.35,263.2,89600.0
2017-01-04,263.0,263.55,262.8,263.35,72340.0
2017-01-05,263.05,263.35,262.3,262.65,86760.0
2017-01-06,262.95,264.15,262.9,263.65,89900.0
2017-01-09,263.95,264.65,263.7,264.05,83540.0
2017-01-10,263.2,264.3,263.2,264.0,86410.0
2017-01-11,264.2,269.6,264.15,269.05,193690.0
2017-01-12,268.85,269.9,268.65,268.85,155730.0
2017-01-13,268.85,269.3,268.55,268.65,69890.0
2017-01-16,268.35,269.15,266.35,267.4,135820.0
2017-01-17,267.45,269.25,267.4,268.4,96000.0
2017-01-18,268.15,268.8,266.1,267.95,130400.0
2017-01-19,269.2,270.8,266.85,268.15,145430.0
2017-01-20,267.25,268.0,266.95,267.6,75510.0
2017-01-23,267.25,268.45,265.9,267.15,97370.0
2017-01-24,267.55,268.9,267.0,268.0,85380.0
2017-01-25,269.5,269.5,267.55,268.25,96880.0
2017-01-26,269.5,271.5,268.75,271.0,118930.0
2017-01-31,269.9,270.3,268.9,269.2,80050.0
2017-02-01,269.6,270.3,269.4,270.2,61710.0
2017-02-02,269.9,271.6,268.5,269.2,116100.0
2017-02-03,269.7,269.9,267.9,269.8,116590.0
2017-02-06,271.3,271.7,269.2,270.1,113320.0
2017-02-07,270.4,270.4,268.9,269.4,91240.0
2017-02-08,268.9,268.9,266.1,268.2,162960.0
2017-02-09,268.3,269.2,267.4,268.5,130320.0
2017-02-10,269.6,270.2,268.7,268.8,83530.0
2017-02-13,268.6,269.1,268.2,268.9,54750.0
2017-02-14,269.8,269.8,267.4,268.0,89160.0
2017-02-15,267.9,269.5,267.4,268.9,83860.0
2017-02-16,269.5,270.4,268.6,268.8,87310.0
2017-02-17,267.9,269.2,267.9,269.0,66310.0
2017-02-20,269.1,269.9,268.7,269.8,55580.0
2017-02-21,270.0,273.5,269.8,272.2,118700.0
2017-02-22,272.6,273.2,272.4,272.6,55390.0
2017-02-23,272.6,273.1,272.2,273.0,47580.0
2017-02-24,272.6,273.1,270.2,270.6,104610.0
2017-02-27,270.6,271.1,268.9,269.5,91510.0
2017-02-28,269.7,270.6,269.4,269.8,60880.0
2017-03-02,271.9,273.4,271.4,272.7,126580.0
2017-03-03,271.4,271.6,269.0,269.6,121320.0
2017-03-06,268.9,270.4,268.4,270.2,86950.0
2017-03-07,270.6,272.3,270.1,271.6,94890.0
2017-03-08,271.4,272.9,271.0,272.2,94590.0
2017-03-09,272.3,272.9,271.4,271.6,90970.0
2017-03-10,271.6,273.3,270.6,272.6,126920.0
2017-03-13,272.9,276.4,272.8,275.8,98340.0
2017-03-14,276.8,278.1,276.4,278.0,85010.0
2017-03-15,277.9,278.6,277.4,278.6,59480.0
2017-03-16,281.3,281.9,279.8,280.3,96350.0
2017-03-17,280.5,281.9,280.1,281.4,86150.0
2017-03-20,281.6,281.6,280.2,281.5,55020.0
2017-03-21,282.1,284.8,281.6,284.1,112590.0
2017-03-22,281.9,282.9,281.4,282.6,99390.0
2017-03-23,283.8,284.5,282.8,283.2,99720.0
2017-03-24,283.3,284.4,282.1,282.9,91100.0
2017-03-27,281.2,282.2,280.4,280.8,124530.0
2017-03-28,282.1,282.4,281.0,281.6,98670.0
2017-03-29,282.7,282.8,281.4,282.2,107890.0
2017-03-30,282.6,283.6,281.4,282.1,146600.0
2017-03-31,282.3,282.6,281.2,281.7,123250.0
2017-04-03,282.1,283.2,281.6,282.0,121690.0
2017-04-04,281.8,282.4,280.9,281.4,119070.0
2017-04-05,281.5,281.9,279.1,280.9,223520.0
2017-04-06,280.0,280.1,278.5,280.0,224080.0
2017-04-07,280.2,280.4,278.1,279.4,253110.0
2017-04-10,279.3,279.4,277.1,277.8,214420.0
2017-04-11,276.9,277.8,275.4,276.0,232160.0
2017-04-12,276.4,277.1,275.8,277.1,166670.0
2017-04-13,276.9,279.2,276.3,279.2,277370.0
2017-04-14,278.1,278.6,276.2,277.8,196640.0
2017-04-17,278.4,279.6,277.9,278.8,164560.0
2017-04-18,279.9,280.1,277.6,278.4,188530.0
2017-04-19,277.8,278.6,276.2,276.9,205740.0
2017-04-20,276.4,278.4,276.0,278.4,170330.0
2017-04-21,279.4,281.1,279.0,280.8,172510.0
2017-04-24,282.0,282.6,281.3,281.9,127050.0
2017-04-25,282.1,285.4,282.1,285.3,205640.0
2017-04-26,286.1,287.4,285.9,286.6,183120.0
2017-04-27,286.6,287.6,286.1,287.4,152100.0
2017-04-28,287.5,288.9,287.3,287.9,180750.0
2017-05-02,289.1,291.6,288.6,290.1,209160.0
2017-05-04,290.9,292.9,290.8,292.9,154660.0
2017-05-08,293.1,300.8,292.9,300.8,303140.0
2017-05-10,300.8,305.6,295.9,296.6,514039.99999999994
2017-05-11,298.1,300.6,296.9,300.2,380170.0
2017-05-12,300.2,300.5,298.2,298.8,196180.0
2017-05-15,299.1,300.3,297.9,299.8,158820.0
2017-05-16,301.2,302.1,298.3,299.4,202870.0
2017-05-17,298.9,300.1,298.2,299.6,185300.0
2017-05-18,296.4,298.9,295.8,298.8,207090.0
2017-05-19,298.5,299.2,297.9,298.4,136440.0
2017-05-22,300.4,300.9,299.0,300.7,164910.0
2017-05-23,301.1,303.8,300.7,301.1,236520.0
2017-05-24,302.2,302.9,301.4,302.0,140930.0
2017-05-25,303.4,305.6,302.4,305.6,227780.0
2017-05-26,305.6,308.8,305.2,307.4,264610.0
2017-05-29,308.2,309.5,305.2,306.9,229690.0
2017-05-30,307.0,307.1,303.2,304.4,238130.0
2017-05-31,304.1,306.4,303.8,305.1,198420.0
2017-06-01,304.7,305.4,303.1,304.2,194360.0
2017-06-02,305.2,308.1,305.1,307.9,210520.0
2017-06-05,308.1,308.7,306.9,307.7,153640.0
2017-06-07,307.1,307.6,305.4,305.5,174050.0
2017-06-08,305.8,306.9,304.1,306.2,200760.0
2017-06-09,307.9,310.6,307.6,309.9,202660.0
2017-06-12,308.0,308.9,306.3,306.6,173020.0
2017-06-13,306.9,308.9,306.7,308.4,132840.0
2017-06-14,309.6,310.7,307.6,308.8,181230.0
2017-06-15,308.3,309.4,305.5,307.0,225510.0
2017-06-16,307.1,308.0,306.5,307.4,144350.0
2017-06-19,307.2,309.8,306.6,309.1,164390.0
2017-06-20,310.5,310.8,309.1,309.4,156750.0
2017-06-21,308.0,308.4,306.6,308.1,193270.0
2017-06-22,308.7,310.0,307.8,309.9,150450.0
2017-06-23,309.7,311.2,309.5,310.6,161930.0
2017-06-26,311.0,312.6,310.7,311.9,159320.0
2017-06-27,311.8,313.3,311.6,312.4,138270.0
2017-06-28,311.0,312.4,310.9,311.6,157940.0
2017-06-29,313.2,314.6,313.1,313.7,158750.0
2017-06-30,311.4,312.9,311.2,312.9,155270.0
2017-07-03,313.2,313.6,311.8,313.3,144310.0
2017-07-04,313.3,313.6,310.9,311.0,214040.0
2017-07-05,310.6,312.8,310.4,312.4,177290.0
2017-07-06,313.2,313.3,311.6,312.4,155530.0
2017-07-07,311.1,312.1,310.4,311.6,158130.0
2017-07-10,312.4,313.3,311.5,312.1,159040.0
2017-07-11,312.8,314.4,312.4,314.1,172690.0
2017-07-12,314.1,314.9,313.8,313.9,145850.0
2017-07-13,315.9,319.1,315.8,317.9,289040.0
2017-07-14,318.4,318.8,317.6,318.1,130850.0
2017-07-17,320.1,320.3,318.6,318.9,140600.0
2017-07-18,319.1,319.4,318.4,319.4,113230.0
2017-07-19,319.8,320.1,318.4,320.1,145200.0
2017-07-20,320.6,321.6,319.6,320.9,122470.0
2017-07-21,320.7,322.6,320.7,322.4,153160.0
2017-07-24,322.6,322.6,321.6,322.6,98290.0
2017-07-25,322.6,322.8,320.7,321.0,139020.0
2017-07-26,321.4,321.6,319.5,320.3,206970.0
2017-07-27,321.2,322.1,320.4,321.2,178260.0
2017-07-28,320.0,320.2,313.9,313.9,315480.0
2017-07-31,313.4,315.5,313.2,314.9,199080.0
2017-08-01,314.1,319.4,313.9,317.9,268590.0
2017-08-02,318.8,319.4,318.1,318.5,129389.99999999999
2017-08-03,317.6,317.6,310.7,313.0,369410.0
2017-08-04,312.9,314.9,312.6,314.2,218550.0
2017-08-07,314.6,316.3,314.1,314.2,190280.0
2017-08-08,315.1,316.2,312.2,314.2,258920.00000000003
2017-08-09,311.7,312.7,309.6,310.0,272030.0
2017-08-10,309.0,310.4,306.4,308.6,375100.0
2017-08-11,303.9,305.4,302.3,302.9,289680.0
2017-08-14,305.2,306.4,304.4,305.9,179100.0
2017-08-16,308.8,309.1,307.1,307.6,171430.0
2017-08-17,308.2,309.9,307.3,309.2,193570.0
2017-08-18,306.5,309.3,306.3,309.1,178620.0
2017-08-21,309.8,309.8,307.9,308.4,147680.0
2017-08-22,308.9,310.4,308.9,310.1,153590.0
2017-08-23,311.5,311.7,309.2,309.9,148410.0
2017-08-24,310.0,312.1,309.9,311.4,168400.0
2017-08-25,312.2,312.6,310.8,311.6,179930.0
2017-08-28,311.1,312.1,309.4,309.6,161150.0
2017-08-29,307.9,309.1,304.4,308.5,278950.0
2017-08-30,309.5,310.4,308.6,310.4,119330.0
2017-08-31,309.9,310.6,307.4,308.0,173450.0
2017-09-01,309.1,309.5,306.9,307.6,175480.0
2017-09-04,303.1,306.6,303.0,304.9,219500.0
2017-09-05,305.9,306.0,303.5,304.1,191690.0
2017-09-06,304.1,304.2,302.7,303.6,161570.0
2017-09-07,304.6,307.7,304.3,307.6,197150.0
2017-09-08,307.8,308.1,306.9,307.6,117190.0
2017-09-11,308.9,311.5,308.6,310.6,199610.0
2017-09-12,311.9,311.9,309.9,310.6,154360.0
2017-09-13,311.0,312.4,309.8,309.9,215530.0
2017-09-14,310.8,311.7,309.8,312.5,223110.0
2017-09-15,312.6,314.6,311.8,314.6,194080.0
2017-09-18,314.9,320.1,314.6,320.1,208090.0
2017-09-19,319.6,320.2,319.1,319.4,125390.0
2017-09-20,320.1,321.6,318.1,319.1,181750.0
2017-09-21,318.7,319.9,318.4,319.4,155470.0
2017-09-22,318.9,320.1,316.4,317.1,235350.0
2017-09-25,317.6,317.9,316.2,317.1,154010.0
2017-09-26,315.8,316.5,314.6,315.1,205200.0
2017-09-27,315.6,315.6,314.3,314.8,129509.99999999999
2017-09-28,314.8,315.9,313.9,314.9,192310.0
2017-09-29,315.1,317.6,315.1,317.6,198450.0
2017-10-10,322.3,324.9,321.4,323.5,233670.0
2017-10-11,324.5,326.9,324.1,326.6,203160.0
2017-10-12,326.9,329.1,326.8,329.0,234840.0
2017-10-13,328.4,329.3,327.9,328.6,126210.0
2017-10-16,329.0,330.2,328.1,328.9,132290.0
2017-10-17,328.9,329.9,328.7,329.1,128130.0
2017-10-18,328.9,330.1,328.3,329.2,136150.0
2017-10-19,330.1,330.2,327.1,327.4,172810.0
2017-10-20,327.6,329.6,327.6,329.6,150560.0
2017-10-23,330.6,331.1,329.2,330.4,178740.0
2017-10-24,330.2,330.8,329.8,329.9,116090.0
2017-10-25,330.1,330.6,328.7,330.1,174520.0
2017-10-26,329.9,330.1,327.1,327.1,157990.0
2017-10-27,327.8,330.4,327.4,330.2,159050.0
2017-10-30,331.9,332.1,330.3,330.8,138520.0
2017-10-31,331.0,334.9,330.2,334.4,207720.0
2017-11-01,336.4,339.9,335.9,339.9,223680.0
2017-11-02,339.5,339.9,337.6,338.4,173370.0
2017-11-03,339.3,339.9,336.8,339.7,195340.0
2017-11-06,339.0,339.5,335.1,337.5,259600.00000000003
2017-11-07,337.5,338.9,336.8,337.1,235890.0
2017-11-08,335.7,339.6,335.4,338.6,287190.0
2017-11-09,339.1,339.2,335.6,337.0,318760.0
2017-11-10,335.4,337.2,335.2,336.2,189940.0
2017-11-13,336.3,337.9,334.4,334.9,185410.0
2017-11-14,334.8,335.3,333.8,334.6,154520.0
2017-11-15,334.0,334.2,332.1,332.5,193510.0
2017-11-16,333.4,335.2,332.6,334.6,130740.00000000001
2017-11-17,336.2,338.6,334.2,334.3,228720.0
2017-11-20,335.1,335.6,332.6,332.8,177830.0
2017-11-21,334.2,335.2,333.1,334.2,131140.0
2017-11-22,336.0,337.5,334.9,335.9,165730.0
2017-11-23,336.2,336.3,334.5,334.8,101030.0
2017-11-24,335.3,335.8,334.1,335.6,98680.0
2017-11-27,335.9,336.0,329.2,329.2,223020.0
2017-11-28,330.1,331.8,328.9,331.1,192760.0
2017-11-29,331.5,332.6,330.4,331.1,129570.0
2017-11-30,328.8,329.9,324.4,325.6,247990.0
2017-12-01,326.5,326.9,324.6,325.2,179660.0
2017-12-04,326.6,328.6,325.1,328.4,173640.0
2017-12-05,327.0,330.4,326.3,329.9,177380.0
2017-12-06,329.9,329.9,324.7,325.0,248110.0
2017-12-07,325.8,325.9,322.6,324.1,224210.0
2017-12-08,324.8,325.6,323.6,324.8,157600.0
2017-12-11,325.1,325.4,323.5,324.9,141400.0
2017-12-12,324.9,325.3,323.2,323.8,151780.0
2017-12-13,324.4,326.8,323.4,326.2,213500.0
2017-12-14,327.1,331.4,326.8,324.7,252290.0
2017-12-15,325.3,326.2,323.2,323.2,169440.0
2017-12-18,324.2,324.9,323.4,324.6,119460.0
2017-12-19,325.1,327.2,323.6,324.4,177320.0
2017-12-20,323.9,325.3,323.6,324.1,117460.0
2017-12-21,323.0,323.6,317.4,317.4,206000.0
2017-12-22,318.6,319.9,317.4,319.0,146850.0
2017-12-26,319.8,321.8,317.5,317.9,168230.0
2017-12-27,319.0,321.7,318.2,321.7,182200.0
2017-12-28,321.5,326.1,321.4,326.1,184880.0
2018-01-02,326.6,327.5,325.4,327.0,131400.0
2018-01-03,328.0,329.1,327.2,328.2,135890.0
2018-01-04,329.9,330.1,325.1,325.5,226050.0
2018-01-05,326.5,329.7,326.2,329.4,162650.0
2018-01-08,331.4,332.6,329.2,331.8,220290.0
2018-01-09,331.2,333.5,329.4,330.9,218880.0
2018-01-10,331.9,331.9,328.1,328.4,254780.0
2018-01-11,328.2,328.9,326.0,327.0,225560.0
2018-01-12,327.8,328.2,325.1,327.4,199820.0
2018-01-15,329.0,329.8,327.1,327.8,145020.0
2018-01-16,328.0,331.3,327.4,331.0,156350.0
2018-01-17,329.9,330.9,328.9,329.7,151580.0
2018-01-18,331.3,332.7,329.4,329.9,183850.0
2018-01-19,330.4,331.1,329.6,330.1,128850.0
2018-01-22,330.0,330.1,325.3,326.8,209180.0
2018-01-23,328.1,331.8,327.9,331.8,184300.0
2018-01-24,330.9,333.4,330.9,332.1,158930.0
2018-01-25,331.1,335.4,331.0,334.8,180500.0
2018-01-26,334.5,336.4,333.8,336.4,154150.0
2018-01-29,338.1,340.3,337.7,339.0,166920.0
2018-01-30,338.4,338.9,334.0,334.4,224440.0
2018-01-31,333.4,339.2,332.8,334.9,312760.0
2018-02-01,335.3,336.3,333.6,334.1,186570.0
2018-02-02,333.2,333.6,326.9,327.9,283000.0
2018-02-05,323.6,324.9,321.4,323.5,321010.0
2018-02-06,317.4,319.7,313.1,318.1,478120.0
2018-02-07,322.0,322.3,310.0,310.0,404190.0
2018-02-08,311.1,314.6,310.0,313.0,411330.0
2018-02-09,303.3,306.5,302.1,304.4,304970.0
2018-02-12,306.8,309.8,305.2,308.6,212590.0
2018-02-13,310.8,314.4,309.2,311.9,229830.0
2018-02-14,312.6,315.7,312.6,314.8,185020.0
2018-02-19,319.1,319.3,314.7,316.8,190160.0
2018-02-20,315.6,315.8,312.2,312.5,176510.0
2018-02-21,313.0,315.1,310.8,314.6,205490.0
2018-02-22,312.6,313.4,311.0,312.4,181220.0
2018-02-23,313.8,317.4,313.6,317.4,172910.0
2018-02-26,318.7,318.9,316.4,317.6,129669.99999999999
2018-02-27,319.4,320.9,316.2,316.2,155040.0
2018-02-28,316.1,317.2,312.6,312.9,231500.0
2018-03-02,309.6,310.1,306.6,308.6,231090.0
2018-03-05,307.7,308.6,304.1,304.4,232780.0
2018-03-06,307.1,310.8,306.8,310.8,213490.0
2018-03-07,311.6,314.1,308.8,310.9,300610.0
2018-03-08,313.7,314.2,310.9,314.8,211000.0
2018-03-09,316.2,321.3,315.4,318.2,246930.0
2018-03-12,321.9,322.6,320.1,321.2,170490.0
2018-03-13,321.4,323.1,320.8,322.6,145620.0
2018-03-14,320.3,322.8,320.2,322.7,159540.0
2018-03-15,323.4,324.1,320.4,324.0,195390.0
2018-03-16,323.2,323.9,320.8,323.1,178620.0
2018-03-19,322.8,323.2,320.1,321.0,175350.0
2018-03-20,319.0,322.4,318.3,322.4,158220.0
2018-03-21,322.4,323.4,321.8,322.8,122070.0
2018-03-22,322.8,325.5,322.4,323.2,196310.0
2018-03-23,316.6,317.8,311.8,312.6,275270.0
2018-03-26,311.7,315.6,310.1,315.6,242720.0
2018-03-27,317.3,317.7,315.7,316.3,185470.0
2018-03-28,312.9,313.2,310.6,311.8,240330.0
2018-03-29,312.9,315.6,311.6,315.6,219290.0
2018-03-30,317.1,318.0,315.4,315.7,134600.0
2018-04-02,315.7,318.1,314.6,314.6,153460.0
2018-04-03,312.1,314.3,311.0,313.9,204440.0
2018-04-04,314.6,314.7,308.7,308.7,203910.0
2018-04-05,311.8,315.1,311.1,314.1,224130.0
2018-04-06,311.8,312.9,310.3,312.4,235410.0
2018-04-09,311.8,314.7,311.4,314.1,176310.0
2018-04-10,313.0,315.5,310.3,314.6,257110.0
2018-04-11,314.9,315.9,313.2,313.6,185180.0
2018-04-12,314.8,315.4,312.9,312.9,230500.0
2018-04-13,314.3,315.9,313.9,315.6,161700.0
2018-04-16,317.1,317.4,314.8,315.4,147320.0
2018-04-17,315.8,316.9,314.7,315.6,145460.0
2018-04-18,317.3,319.9,317.1,318.8,173770.0
2018-04-19,320.0,321.2,319.2,320.1,134810.0
2018-04-20,318.5,319.8,318.0,318.1,149180.0
2018-04-23,317.7,318.8,317.1,318.2,140450.0
2018-04-24,318.7,318.8,314.9,316.5,192990.0
2018-04-25,314.0,314.8,312.6,314.1,187040.0
2018-04-26,315.3,319.5,315.1,318.6,211990.0
2018-04-27,321.5,323.4,320.1,321.3,203420.0
2018-04-30,322.5,323.4,321.6,322.8,109010.0
2018-05-02,322.2,322.8,320.4,320.9,133690.0
2018-05-03,320.1,320.8,318.6,319.1,146530.0
2018-05-04,319.8,320.1,317.1,317.6,184220.0
2018-05-08,318.5,319.3,315.2,315.2,174970.0
2018-05-09,315.7,316.2,312.8,315.2,231310.0
2018-05-10,316.4,317.3,315.4,317.0,190340.0
2018-05-11,318.5,319.9,318.0,318.8,146510.0
2018-05-14,319.2,319.8,317.5,318.0,117740.0
2018-05-15,317.5,318.5,314.7,314.9,140500.0
2018-05-16,313.9,316.9,313.6,316.1,161000.0
2018-05-17,317.4,318.1,314.6,314.6,146280.0
2018-05-18,315.5,316.0,314.8,315.9,98650.0
2018-05-21,316.1,317.3,313.6,316.2,148890.0
2018-05-23,316.2,318.8,315.9,318.3,146190.0
2018-05-24,319.0,319.3,316.6,317.7,147440.0
2018-05-25,315.9,318.8,315.8,318.4,144520.0
2018-05-28,319.2,319.8,318.5,319.2,119110.0
2018-05-29,318.8,319.3,316.1,316.1,153810.0
2018-05-30,314.8,315.0,307.6,308.7,280390.0
2018-05-31,311.0,311.2,309.3,310.3,167070.0
2018-06-01,310.3,313.6,309.4,312.6,166980.0
2018-06-04,313.0,314.9,312.6,314.3,128789.99999999999
2018-06-05,314.2,315.1,312.2,314.9,159030.0
2018-06-07,316.8,318.7,316.3,318.0,151910.0
2018-06-08,316.6,317.1,314.1,314.4,156870.0
2018-06-11,314.9,317.3,314.2,317.3,130370.0
2018-06-12,317.9,318.5,316.2,316.8,188240.0
2018-06-14,315.0,315.1,311.1,311.2,156010.0
2018-06-15,312.2,312.2,308.9,309.2,162920.0
2018-06-18,309.5,309.6,304.2,305.9,180950.0
2018-06-19,305.0,305.9,300.9,301.4,222450.0
2018-06-20,302.9,305.6,301.8,304.2,244290.0
2018-06-21,303.7,304.9,300.6,300.8,216360.0
2018-06-22,298.2,303.6,298.1,303.6,217080.0
2018-06-25,303.1,304.0,300.2,303.2,263240.0
2018-06-26,300.3,303.7,299.4,302.4,284530.0
2018-06-27,301.9,303.9,301.6,301.6,237740.0
2018-06-28,300.8,301.6,298.3,299.1,270550.0
2018-06-29,299.4,300.6,296.2,300.0,277310.0
2018-07-02,299.0,300.1,292.9,292.9,280990.0
2018-07-03,295.1,295.2,291.3,293.8,338890.0
2018-07-04,293.8,294.9,292.2,292.6,257120.0
2018-07-05,292.5,293.9,290.2,292.0,304370.0
2018-07-06,291.5,295.2,290.6,293.6,310060.0
2018-07-09,294.2,297.2,293.0,296.2,251880.0
2018-07-10,297.2,298.4,296.4,296.9,166100.0
2018-07-11,294.2,295.7,292.1,295.3,284360.0
2018-07-12,295.6,297.4,294.2,296.0,270000.0
2018-07-13,296.0,299.8,296.0,299.1,220830.0
2018-07-16,299.2,299.9,297.8,298.2,148410.0
2018-07-17,297.9,298.8,296.2,297.4,191880.0
2018-07-18,299.2,300.6,296.6,297.1,181210.0
2018-07-19,298.3,298.5,295.9,296.1,190650.0
2018-07-20,296.5,298.1,294.5,297.5,316080.0
2018-07-23,297.5,297.6,294.6,295.4,243160.0
2018-07-24,295.6,296.7,294.1,296.2,198720.0
2018-07-25,296.7,297.9,295.2,295.5,186610.0
2018-07-26,297.1,298.8,295.9,297.5,190250.0
2018-07-27,298.1,298.6,296.9,298.6,131530.0
2018-07-30,297.4,298.6,296.4,297.8,168500.0
2018-07-31,297.8,298.3,296.8,297.9,149850.0
2018-08-01,298.6,300.4,298.5,299.4,185590.0
2018-08-02,299.2,299.2,293.4,293.5,268910.0
2018-08-03,294.7,296.1,293.8,295.8,178010.0
2018-08-06,296.3,297.8,295.6,295.8,190710.0
2018-08-07,296.1,297.9,294.7,297.9,171350.0
2018-08-08,298.1,298.8,297.2,297.7,157230.0
2018-08-09,297.6,297.9,296.1,297.6,213250.0
2018-08-10,296.6,296.9,293.6,294.1,230120.0
2018-08-13,292.1,292.5,288.7,290.6,222740.0
2018-08-14,290.6,292.1,290.2,291.7,177620.0
2018-08-16,287.1,289.6,285.9,288.4,302860.0
2018-08-17,288.4,289.6,287.9,288.6,140440.0
2018-08-20,289.9,291.3,288.5,289.1,189880.0
2018-08-21,288.6,292.5,288.1,292.5,200850.0
2018-08-22,292.6,293.9,291.9,293.4,182980.0
2018-08-23,294.6,294.6,292.6,294.1,144630.0
2018-08-24,293.8,296.1,292.6,295.5,192420.0
2018-08-27,296.7,297.5,295.5,297.1,153920.0
2018-08-28,298.4,299.1,297.1,297.4,158520.0
2018-08-29,297.8,298.4,297.1,298.0,131009.99999999999
2018-08-30,298.2,299.9,297.4,298.3,195530.0
2018-08-31,296.9,299.6,296.2,299.6,190540.0
2018-09-03,299.0,299.1,297.1,297.4,173410.0
2018-09-04,297.6,299.1,296.9,298.9,176350.0
2018-09-05,297.9,298.4,294.4,294.7,225930.0
2018-09-06,294.3,295.9,293.8,294.5,216600.0
2018-09-07,292.8,293.9,290.8,293.1,329370.0
2018-09-10,292.6,294.1,292.3,293.6,206690.0
2018-09-11,293.1,294.6,291.5,292.4,250260.0
2018-09-12,292.7,293.2,291.1,292.6,196050.0
2018-09-13,292.7,293.5,291.9,292.4,139470.0
2018-09-14,295.4,298.1,295.3,298.1,236550.0
2018-09-17,297.0,297.1,294.6,295.2,148480.0
2018-09-18,293.6,296.9,293.2,296.9,215770.0
2018-09-19,297.9,297.9,295.8,297.1,177950.0
2018-09-20,297.8,300.9,297.4,299.6,231250.0
2018-09-21,300.4,301.1,299.4,301.0,198540.0
2018-09-27,300.1,303.7,300.0,303.1,208840.0
2018-09-28,303.3,303.6,301.2,301.6,178770.0
2018-10-01,302.1,302.7,300.1,301.1,199010.0
2018-10-02,300.7,301.8,297.2,297.6,233860.0
2018-10-04,297.6,297.8,292.1,292.6,291640.0
2018-10-05,292.2,293.4,290.3,291.9,291140.0
2018-10-08,290.8,293.1,290.6,290.8,235550.0
2018-10-10,291.4,291.4,287.8,288.8,325750.0
2018-10-11,281.1,283.4,275.6,275.6,576360.0
2018-10-12,276.8,281.8,276.2,280.2,404060.0
2018-10-15,279.4,279.6,277.2,277.9,317680.0
2018-10-16,278.9,280.1,276.8,277.6,259959.99999999997
2018-10-17,281.0,282.5,279.6,281.2,255160.0
2018-10-18,279.6,280.6,278.0,278.2,241830.0
2018-10-19,276.4,279.7,274.5,279.2,341010.0
2018-10-22,277.2,280.6,276.6,279.9,272450.0
2018-10-23,277.7,278.1,271.6,273.1,372570.0
2018-10-24,275.3,275.3,271.6,272.1,343960.0
2018-10-25,266.2,267.9,263.8,267.7,413120.0
2018-10-26,267.8,268.1,260.9,263.4,508880.0
2018-10-29,264.6,266.1,260.6,260.6,407280.0
2018-10-30,260.3,265.4,259.7,262.8,378870.0
2018-10-31,263.8,264.6,261.5,264.1,299340.0
2018-11-01,264.3,267.6,262.8,263.6,326420.0
2018-11-02,266.4,273.3,266.0,272.9,383840.0
2018-11-05,270.8,271.1,266.9,270.1,314080.0
2018-11-06,271.6,272.4,268.9,272.1,288320.0
2018-11-07,271.6,274.4,269.9,270.8,402220.0
2018-11-08,275.0,276.6,272.4,273.1,274060.0
2018-11-09,272.6,273.8,271.1,271.5,250070.0
2018-11-12,269.2,272.5,268.7,272.1,180890.0
2018-11-13,267.95,270.2,265.05,269.4,312430.0
2018-11-14,269.9,270.3,268.3,269.3,180000.0
2018-11-15,268.7,272.3,267.9,272.1,242110.0
2018-11-16,272.9,273.6,271.25,271.7,239050.0
2018-11-19,271.8,274.4,271.25,272.6,205630.0
2018-11-20,269.65,271.1,269.0,269.6,211500.0
2018-11-21,266.2,268.8,265.5,268.55,228220.0
2018-11-22,268.5,269.4,267.7,268.4,146450.0
2018-11-23,268.0,268.85,265.25,266.4,197330.0
2018-11-26,267.1,270.5,266.8,270.5,209920.0
2018-11-27,270.95,272.75,269.45,272.45,183800.0
2018-11-28,273.0,274.0,271.7,274.0,156640.0
2018-11-29,277.7,278.0,273.75,274.3,247550.0
2018-11-30,275.35,275.5,271.05,271.6,218190.0
2018-12-03,275.55,277.2,273.8,276.4,225640.0
2018-12-04,275.15,275.75,272.05,273.75,216750.0
2018-12-05,269.9,272.75,269.7,271.9,241670.0
2018-12-06,270.0,270.4,267.05,267.4,255530.0
2018-12-07,268.7,269.75,267.35,268.5,214600.0
2018-12-10,264.75,266.55,264.0,265.4,260700.0
2018-12-11,266.5,266.5,264.3,265.15,198480.0
2018-12-12,266.25,269.1,265.75,268.8,205690.0
2018-12-13,269.45,271.1,268.3,269.41,201660.0
2018-12-14,266.95,267.2,261.35,262.7,236140.0
2018-12-17,263.2,264.5,263.05,263.65,139530.0
2018-12-18,261.5,264.0,261.5,262.55,202790.0
2018-12-19,263.4,264.7,262.65,264.45,160870.0
2018-12-20,262.75,263.3,260.2,261.45,260140.0
2018-12-21,261.3,262.0,260.35,261.65,136140.0
2018-12-24,261.0,261.6,259.8,261.55,124970.0
2018-12-26,257.9,259.5,256.15,257.3,244330.0
2018-12-27,261.45,262.35,260.4,261.45,215880.0
2018-12-28,261.7,263.5,261.5,262.0,209560.0
2019-01-02,264.3,264.75,258.3,258.85,227440.0
2019-01-03,258.85,259.5,256.2,256.6,211360.0
2019-01-04,256.5,258.95,255.6,258.85,290640.0
2019-01-07,262.0,264.25,261.55,262.8,239920.0
2019-01-08,262.4,263.25,260.35,260.75,201710.0
2019-01-09,261.3,266.95,261.25,266.05,274940.0
2019-01-10,266.2,267.45,265.2,265.8,234620.0
2019-01-11,267.4,268.35,266.05,267.95,206090.0
2019-01-14,266.95,267.3,265.0,265.4,157940.0
2019-01-15,266.6,271.0,266.05,270.85,233540.0
2019-01-16,270.25,272.1,269.7,272.1,172160.0
2019-01-17,272.45,273.65,271.35,272.35,226130.0
2019-01-18,273.9,274.85,273.2,274.75,173000.0
2019-01-21,276.5,276.55,273.0,274.8,227730.0
2019-01-22,274.9,275.35,272.25,273.1,192470.0
2019-01-23,272.0,275.4,271.95,274.8,204790.0
2019-01-24,274.8,277.15,274.25,277.1,235240.0
2019-01-25,277.9,282.5,277.55,282.4,268260.0
2019-01-28,282.45,284.1,281.15,282.15,213930.0
2019-01-29,281.65,283.65,280.35,283.55,232220.0
2019-01-30,283.6,287.6,282.95,287.6,294520.0
2019-01-31,290.0,290.35,286.4,286.95,326200.0
2019-02-01,287.8,289.05,285.9,286.3,238190.0
2019-02-07,288.05,288.25,285.3,286.0,231020.0
2019-02-08,284.5,284.8,281.5,281.9,254870.0
2019-02-11,282.2,282.65,280.6,282.65,179510.0
2019-02-12,282.4,284.8,282.05,284.3,240110.0
2019-02-13,285.4,285.85,284.6,285.7,197320.0
2019-02-14,284.45,288.45,283.2,288.35,265690.0
2019-02-15,286.8,287.15,283.35,284.15,251370.0
2019-02-18,286.0,287.6,285.35,286.75,184870.0
2019-02-19,286.05,286.65,283.5,285.65,251940.0
2019-02-20,287.05,289.75,286.35,288.4,248120.0
2019-02-21,287.5,289.75,286.4,288.6,244650.0
2019-02-22,288.25,289.05,287.0,288.75,183540.0
2019-02-25,290.3,290.8,288.2,289.55,189480.0
2019-02-26,288.9,289.5,287.5,287.75,184300.0
2019-02-27,289.3,289.8,288.4,288.45,134500.0
2019-02-28,288.55,289.0,283.8,283.85,273340.0
2019-03-04,286.1,287.15,282.6,282.6,234550.0
2019-03-05,281.5,282.15,279.75,280.7,210010.0
2019-03-06,280.6,280.65,279.25,280.5,181620.0
2019-03-07,279.75,281.15,277.9,278.9,212830.0
2019-03-08,277.35,278.1,274.9,275.05,204190.0
2019-03-11,275.4,276.15,274.25,275.25,157620.0
2019-03-12,277.2,278.7,277.1,278.0,163160.0
2019-03-13,277.05,277.2,273.95,275.7,209970.0
2019-03-14,276.7,277.5,274.7,276.64,200920.0
2019-03-15,276.9,281.5,276.8,280.75,252700.0
2019-03-18,281.35,281.6,280.05,280.75,118490.0
2019-03-19,280.9,281.3,279.45,280.55,142100.0
2019-03-20,280.0,280.95,277.2,280.9,181550.0
2019-03-21,281.65,285.2,281.3,282.8,251410.0
2019-03-22,284.2,285.0,282.75,283.35,182230.0
2019-03-25,279.3,280.0,277.7,277.8,183530.0
2019-03-26,278.8,278.9,277.55,278.0,148650.0
2019-03-27,277.0,278.75,275.4,278.0,211560.0
2019-03-28,275.95,277.25,274.9,276.4,178010.0
2019-03-29,276.6,277.95,275.6,277.2,168540.0
2019-04-01,279.4,281.85,279.25,281.45,150600.0
2019-04-02,282.2,283.4,281.95,282.5,135550.0
2019-04-03,282.95,287.05,282.2,286.85,218340.0
2019-04-04,286.65,289.05,286.3,287.3,199510.0
2019-04-05,287.5,288.7,286.95,288.0,133640.0
2019-04-08,289.0,289.15,286.2,287.25,190030.0
2019-04-09,287.6,289.05,286.4,287.75,196330.0
2019-04-10,286.65,289.25,286.3,289.2,174840.0
2019-04-11,289.5,289.7,287.45,288.3,224630.0
2019-04-12,287.9,289.8,286.8,289.45,163700.0
2019-04-15,290.05,291.8,290.0,290.75,168320.0
2019-04-16,290.15,291.7,289.8,291.65,147900.0
2019-04-17,291.65,292.1,290.85,291.55,154320.0
2019-04-18,291.75,291.9,286.25,286.5,220840.0
2019-04-19,287.75,288.35,286.55,286.55,112350.0
2019-04-22,287.1,288.45,285.35,286.5,162330.0
2019-04-23,286.85,287.65,286.0,287.0,141840.0
2019-04-24,288.45,288.45,282.6,284.25,239350.0
2019-04-25,283.5,284.9,282.75,283.25,157380.0
2019-04-26,282.2,282.95,280.3,281.75,233880.0
2019-04-29,282.45,287.65,282.3,287.65,209580.0
2019-04-30,287.15,287.35,283.2,285.4,245080.0
2019-05-02,284.0,287.5,283.45,286.85,203160.0
2019-05-03,286.6,286.65,283.5,283.95,188590.0
2019-05-07,281.0,282.05,279.1,281.8,255520.0
2019-05-08,278.05,282.1,277.95,280.15,238130.0
2019-05-09,279.2,279.75,270.25,272.25,393770.0
2019-05-10,272.2,274.6,269.9,271.95,464510.0
2019-05-13,269.55,271.65,268.85,269.05,228410.0
2019-05-14,266.0,270.65,266.0,268.65,275150.0
2019-05-15,268.85,271.1,267.55,270.2,212180.0
2019-05-16,269.5,269.8,265.65,266.35,270160.0
2019-05-17,267.95,268.25,264.1,264.8,235850.0
2019-05-20,266.1,267.8,264.65,265.3,228280.0
2019-05-21,264.7,268.7,264.65,266.65,255620.0
2019-05-22,267.4,267.7,264.05,267.2,289510.0
2019-05-23,266.75,267.2,264.6,266.15,222290.0
2019-05-24,265.45,266.45,263.25,264.95,245750.0
2019-05-27,264.35,266.0,263.35,264.5,190010.0
2019-05-28,264.5,266.1,263.5,264.9,212480.0
2019-05-29,264.0,264.4,260.2,261.1,289130.0
2019-05-30,262.2,264.3,261.75,264.3,217780.0
2019-05-31,263.0,265.15,261.55,263.5,279120.0
2019-06-03,262.95,268.05,261.9,268.05,260810.0
2019-06-04,267.8,268.15,266.5,267.05,200760.0
2019-06-05,269.55,270.35,267.2,267.95,200550.0
2019-06-07,267.75,269.75,265.8,267.6,260740.0
2019-06-10,269.7,272.25,268.4,271.7,242550.0
2019-06-11,271.25,273.55,270.85,273.15,206000.0
2019-06-12,273.25,274.15,272.0,272.15,215500.0
2019-06-13,271.75,272.5,268.15,272.0,283060.0
2019-06-14,270.05,271.6,268.6,269.95,201810.0
2019-06-17,269.7,271.65,269.25,270.25,175790.0
2019-06-18,269.55,272.05,269.55,271.65,179390.0
2019-06-19,274.7,275.75,274.15,274.85,180850.0
2019-06-20,275.3,276.25,274.55,276.1,173050.0
2019-06-21,276.15,276.4,274.7,275.7,177270.0
2019-06-24,276.05,276.8,275.25,275.7,160320.0
2019-06-25,275.45,277.1,274.2,275.05,221890.0
2019-06-26,274.9,276.35,274.75,275.75,169340.0
2019-06-27,276.5,279.45,275.8,279.2,242840.0
2019-06-28,278.85,279.4,277.5,278.4,156400.0
2019-07-01,280.85,281.0,277.75,278.1,216600.0
2019-07-02,276.1,278.3,275.4,277.0,201990.0
2019-07-03,276.5,277.4,272.65,273.0,243940.0
2019-07-04,273.4,275.55,272.65,275.55,209020.0
2019-07-05,275.35,276.05,273.2,274.85,232210.0
2019-07-08,272.7,272.85,269.0,269.2,322570.0
2019-07-09,270.0,270.9,268.0,268.0,260240.0
2019-07-10,270.15,270.95,269.45,269.65,211580.0
2019-07-11,270.85,273.75,270.85,273.0,303170.0
2019-07-12,272.95,273.95,272.0,273.45,162750.0
2019-07-15,272.7,274.0,271.7,273.5,138520.0
2019-07-16,273.5,275.15,272.8,274.7,200320.0
2019-07-17,273.35,273.55,271.05,271.85,176690.0
2019-07-18,271.25,272.3,270.3,271.1,188910.0
2019-07-19,272.95,275.85,272.85,275.15,198230.0
2019-07-22,274.25,276.0,274.05,275.15,151450.0
2019-07-23,275.65,277.3,275.2,276.45,162840.0
2019-07-24,276.0,277.1,273.35,274.05,178160.0
2019-07-25,275.0,275.05,271.8,273.8,206650.0
2019-07-26,271.9,272.9,271.25,272.55,158500.0
2019-07-29,272.1,272.3,267.75,268.4,264980.0
2019-07-30,269.05,270.3,268.9,269.4,146250.0
2019-07-31,268.9,269.8,265.75,266.85,279760.0
2019-08-01,264.75,267.85,264.65,266.2,206250.0
2019-08-02,263.0,264.0,261.95,263.15,233910.0
2019-08-05,261.4,261.85,256.95,256.95,337720.0
2019-08-06,251.1,257.15,250.9,253.65,470810.0
2019-08-07,253.6,255.0,251.4,253.0,311390.0
2019-08-08,254.5,255.6,252.5,253.6,357880.0
2019-08-09,255.0,256.3,254.55,255.25,172100.0
2019-08-12,255.35,256.4,254.45,255.45,135590.0
2019-08-13,253.6,254.6,252.05,252.05,194970.0
2019-08-14,255.6,256.95,254.65,255.2,193990.0
2019-08-16,252.65,254.05,251.5,254.05,189520.0
2019-08-19,255.4,255.9,254.3,255.75,124500.0
2019-08-20,255.0,258.5,254.85,258.0,177820.0
2019-08-21,257.3,259.45,257.15,258.4,147790.0
2019-08-22,258.6,258.7,256.2,256.4,191950.0
2019-08-23,255.15,256.9,255.05,256.35,154110.0
2019-08-26,251.5,253.15,250.95,252.6,210600.0
2019-08-27,253.2,254.9,252.75,254.0,173050.0
2019-08-28,254.6,255.95,253.65,255.85,171480.0
2019-08-29,255.8,256.05,253.7,254.2,189900.0
2019-08-30,256.2,259.65,256.2,259.15,197710.0
2019-09-02,258.1,259.75,257.95,259.35,128590.0
2019-09-03,258.15,259.75,257.55,257.95,159260.0
2019-09-04,257.85,262.1,257.6,261.9,186890.0
2019-09-05,262.3,266.1,262.1,264.7,235510.0
2019-09-06,265.8,266.2,264.8,265.75,129360.00000000001
2019-09-09,266.3,268.7,265.9,267.65,180460.0
2019-09-10,267.85,269.05,267.4,268.8,147540.0
2019-09-11,270.3,271.45,269.55,271.3,168730.0
2019-09-16,272.0,272.1,269.85,272.05,165890.0
2019-09-17,271.65,272.35,270.9,271.75,126060.0
2019-09-18,272.35,273.75,271.15,273.35,143630.0
2019-09-19,273.05,276.2,272.8,275.05,191240.0
2019-09-20,274.9,276.75,274.4,276.6,145630.0
2019-09-23,276.2,277.1,275.75,276.9,125990.0
2019-09-24,276.7,278.4,275.75,278.25,163650.0
2019-09-25,276.85,277.25,274.35,274.55,185100.0
2019-09-26,275.45,276.55,273.6,275.1,182070.0
2019-09-27,274.1,274.15,271.1,271.75,182640.0
2019-09-30,271.2,274.5,270.7,274.15,175280.0
2019-10-01,273.75,276.15,273.5,275.2,165650.0
2019-10-02,272.75,272.95,268.55,268.65,225670.0
2019-10-04,267.95,270.75,267.45,267.45,226130.0
2019-10-07,269.4,270.25,267.5,268.7,183700.0
2019-10-08,268.85,272.5,268.7,272.25,226190.0
2019-10-10,268.2,271.3,266.55,270.35,336210.0
2019-10-11,272.5,273.15,271.1,272.3,160000.0
2019-10-14,275.3,276.25,274.6,274.8,141360.0
2019-10-15,274.6,275.6,274.3,275.35,129039.99999999999
2019-10-16,276.7,278.15,275.8,276.95,204750.0
2019-10-17,277.35,277.4,275.25,275.8,139360.0
2019-10-18,276.45,277.6,272.95,273.4,188180.0
2019-10-21,273.9,274.75,273.4,274.55,118550.0
2019-10-22,276.0,278.7,275.65,278.2,186790.0
2019-10-23,277.5,278.0,275.95,276.65,148240.0
2019-10-24,277.8,278.1,274.9,277.6,180220.0
2019-10-25,277.9,278.3,276.25,277.3,135820.0
2019-10-28,279.0,279.9,277.85,278.45,129720.0
2019-10-29,279.8,279.95,277.4,277.8,123480.0
2019-10-30,278.1,278.25,275.4,275.7,183780.0
2019-10-31,277.45,279.5,276.05,276.5,191000.0
2019-11-01,276.5,278.9,275.9,278.8,160720.0
2019-11-04,280.5,283.2,280.4,283.2,164470.0
2019-11-05,283.5,285.0,282.8,284.55,157970.0
2019-11-06,284.75,286.8,284.3,284.95,215770.0
2019-11-07,284.4,285.3,283.5,284.65,170380.0
2019-11-08,286.1,286.55,283.25,283.55,202170.0
2019-11-11,283.5,283.75,280.85,281.2,208240.0
2019-11-12,282.45,284.3,281.3,284.1,192860.0
2019-11-13,283.0,283.15,280.9,281.85,206510.0
2019-11-14,281.95,284.15,281.5,284.0,233110.0
2019-11-15,284.85,288.2,283.75,288.1,215000.0
2019-11-18,288.0,288.05,286.6,287.5,143370.0
2019-11-19,286.05,286.7,284.15,286.2,208610.0
2019-11-20,284.7,285.6,282.45,282.65,217800.0
2019-11-21,282.1,282.5,277.55,278.3,290960.0
2019-11-22,278.85,280.25,278.55,280.0,153870.0
2019-11-25,281.2,283.85,281.15,282.8,166420.0
2019-11-26,283.25,285.3,282.5,283.2,229860.0
2019-11-27,284.0,284.65,281.65,283.05,165600.0
2019-11-28,281.7,283.0,281.15,281.95,150930.0
2019-11-29,282.45,282.8,276.6,277.55,238030.0
2019-12-02,278.5,279.65,277.45,277.85,160990.0
2019-12-03,275.3,276.85,274.0,276.25,221410.0
2019-12-04,274.15,274.95,272.9,274.8,248540.0
2019-12-05,275.85,276.75,272.7,274.1,240590.0
2019-12-06,274.8,277.25,274.7,276.7,200560.0
2019-12-09,278.0,278.8,277.05,277.9,186290.0
2019-12-10,277.55,279.65,276.8,279.45,179220.0
2019-12-11,279.5,281.0,278.6,280.75,169800.0
2019-12-12,282.65,285.45,282.6,285.0,157140.0
2019-12-13,286.5,288.0,285.85,288.0,197440.0
2019-12-16,287.5,288.45,287.15,287.25,141550.0
2019-12-17,288.5,291.9,288.05,291.7,204760.0
2019-12-18,291.9,293.2,290.6,291.3,184120.0
2019-12-19,292.35,293.15,290.2,291.6,183730.0
2019-12-20,292.5,292.9,291.2,292.25,163030.0
2019-12-23,293.65,293.75,291.25,292.0,134510.0
2019-12-24,292.5,292.5,289.7,289.7,129729.99999999999
2019-12-26,289.95,291.5,289.05,291.5,131650.0
2019-12-27,292.7,298.1,291.95,296.65,249330.0
2019-12-30,295.8,296.55,294.85,295.2,119080.0
2020-01-02,294.65,295.55,290.75,290.75,179710.0
2020-01-03,293.75,295.55,289.65,291.5,307880.0
2020-01-06,289.0,290.1,288.35,289.0,214030.0
2020-01-07,290.35,293.1,290.1,292.4,222690.0
2020-01-08,289.9,291.65,288.05,290.15,356080.0
2020-01-09,293.95,295.4,292.9,295.0,206380.0
2020-01-10,295.0,297.7,294.8,297.65,193630.0
2020-01-13,298.15,300.75,297.15,300.65,166250.0
2020-01-14,302.6,303.95,301.6,302.0,188250.0
2020-01-15,300.95,301.55,299.5,300.2,178990.0
2020-01-16,300.1,303.4,299.65,303.15,186320.0
2020-01-17,304.95,306.5,303.15,303.8,193100.0
2020-01-20,305.2,307.95,304.9,306.35,186600.0
2020-01-21,305.9,306.45,302.0,302.0,198480.0
2020-01-22,301.85,306.95,301.35,306.75,232710.0
2020-01-23,304.75,305.05,302.3,302.85,247640.0
2020-01-28,296.0,296.95,291.8,293.0,295470.0
2020-01-29,294.3,295.8,292.75,294.15,255600.0
2020-01-30,294.0,294.4,287.6,288.0,366050.0
2020-01-31,290.75,291.5,284.8,285.15,352730.0
2020-02-03,281.9,286.65,280.5,285.2,496060.0
2020-02-04,285.25,291.4,285.2,291.4,402240.0
2020-02-05,293.8,294.3,290.5,292.3,374350.0
2020-02-06,295.4,301.4,294.75,301.4,390250.0
2020-02-07,299.9,300.15,296.35,298.0,344140.0
2020-02-10,294.4,296.9,293.55,296.45,302100.0
2020-02-11,297.35,301.45,297.0,299.8,311830.0
2020-02-12,299.3,302.55,298.25,301.85,294460.0
2020-02-13,302.85,304.55,300.1,300.45,390450.0
2020-02-14,300.35,304.4,299.2,303.35,244350.0
2020-02-17,302.85,304.25,301.3,302.95,222410.0
2020-02-18,301.0,301.35,297.5,297.8,271310.0
2020-02-19,299.75,300.3,295.6,298.75,328020.0
2020-02-20,300.6,301.3,295.05,297.4,385240.0
2020-02-21,292.1,295.25,291.8,291.9,317380.0
2020-02-24,286.2,286.65,281.0,281.15,419200.0
2020-02-25,280.0,284.75,279.7,284.7,406140.0
2020-02-26,278.85,282.0,277.9,280.0,487440.0
2020-02-27,278.95,281.0,276.25,277.75,519340.00000000006
2020-02-28,273.55,274.15,267.55,267.85,601840.0
2020-03-02,269.5,272.45,266.05,270.9,537500.0
2020-03-03,276.5,277.45,270.65,272.3,461810.0
2020-03-04,270.0,278.75,269.7,278.25,425480.0
2020-03-05,280.05,282.15,277.55,281.25,384310.0
2020-03-06,277.0,278.2,273.7,274.2,344340.0
2020-03-09,265.4,267.35,261.25,262.35,432840.0
2020-03-10,262.35,265.5,260.85,265.0,450120.0
2020-03-11,263.5,264.9,255.7,256.9,490200.0
2020-03-12,254.6,255.3,243.35,245.6,436050.0
2020-03-13,225.55,246.25,225.0,240.55,728700.0
2020-03-16,241.75,245.45,229.55,229.55,568680.0
2020-03-17,220.0,233.7,219.6,224.4,696720.0
2020-03-18,225.5,228.45,211.6,211.6,599930.0
2020-03-19,218.0,220.35,194.7,197.5,885830.0
2020-03-20,204.2,215.55,199.25,215.55,759320.0
2020-03-23,198.35,205.5,197.2,199.4,644530.0
2020-03-24,206.95,221.45,203.1,220.0,705180.0
2020-03-25,225.05,232.6,222.2,232.5,776980.0
2020-03-26,232.05,235.2,227.15,227.6,665930.0
2020-03-27,238.5,238.55,225.15,233.4,620440.0
2020-03-30,226.15,234.2,224.0,230.3,531140.0
2020-03-31,233.1,236.55,231.45,236.0,448680.0
2020-04-01,233.65,236.4,223.95,225.15,438360.0
2020-04-02,225.85,231.65,222.4,231.65,533750.0
2020-04-03,231.45,233.45,228.25,231.65,423620.0
2020-04-06,233.3,241.3,233.25,240.7,367530.0
2020-04-07,244.8,247.15,240.25,245.25,471230.0
2020-04-08,243.85,246.7,240.25,241.5,467750.0
2020-04-09,246.0,246.0,242.25,245.05,401070.0
2020-04-10,244.0,247.1,243.15,247.1,254990.0
2020-04-13,245.55,246.25,242.0,242.0,272850.0
2020-04-14,244.8,248.2,243.4,246.8,303370.0
2020-04-16,244.6,247.25,242.65,247.2,313160.0
2020-04-17,252.0,256.7,251.6,254.75,342300.0
2020-04-20,253.9,255.0,250.65,251.2,279760.0
2020-04-21,249.25,251.15,244.15,248.4,467410.0
2020-04-22,245.2,251.45,243.6,250.75,387550.0
2020-04-23,252.2,254.4,250.3,254.15,349580.0
2020-04-24,251.5,252.05,247.95,248.95,319560.0
2020-04-27,250.15,255.6,249.6,254.55,293260.0
2020-04-28,254.75,256.6,252.6,256.0,301670.0
2020-04-29,256.25,259.45,255.4,258.1,296130.0
2020-05-04,251.55,253.15,249.2,249.6,363280.0
2020-05-06,253.45,255.2,250.5,255.2,284490.0
2020-05-07,253.15,255.65,252.5,253.55,256600.00000000003
2020-05-08,255.3,257.95,255.05,256.4,247410.0
2020-05-11,256.9,258.4,254.0,254.25,272440.0
2020-05-12,254.4,254.9,250.25,252.8,311480.0
2020-05-13,249.4,255.8,249.1,255.65,352290.0
2020-05-14,253.2,253.8,251.25,252.35,349180.0
2020-05-15,254.65,254.85,251.4,253.6,321440.0
2020-05-18,254.85,255.95,252.45,255.95,250600.0
2020-05-19,260.65,262.4,259.95,261.95,304230.0
2020-05-20,260.6,263.15,260.5,262.15,220580.0
2020-05-21,264.0,264.45,262.75,263.55,221880.0
2020-05-22,263.65,263.85,257.85,258.8,293470.0
2020-05-25,260.95,263.0,258.55,263.0,221530.0
2020-05-26,262.95,267.3,262.6,266.65,254010.0
2020-05-27,265.45,268.85,265.45,267.1,283340.0
2020-05-28,269.65,271.1,265.0,268.3,380400.0
2020-05-29,266.95,269.45,265.1,267.0,362320.0
2020-06-01,268.5,273.35,268.35,273.0,262750.0
2020-06-02,272.85,276.4,272.3,275.8,265040.0
2020-06-03,278.7,287.85,278.5,286.25,405930.0
2020-06-04,290.0,292.9,285.4,286.4,424600.0
2020-06-05,285.55,291.55,284.75,291.55,299240.0
2020-06-08,296.5,296.75,289.7,290.7,352130.0
2020-06-09,292.95,294.9,287.85,290.85,363320.0
2020-06-10,290.85,293.0,289.65,291.5,256180.0
2020-06-11,289.1,292.05,284.0,285.7,255460.0
2020-06-12,277.4,281.35,275.5,278.4,368790.0
2020-06-15,276.1,279.4,265.0,265.0,443900.0
2020-06-16,273.05,282.95,272.65,279.8,420810.0
2020-06-17,280.55,283.95,277.15,281.85,479310.0
2020-06-18,280.75,282.35,278.8,281.65,334460.0
2020-06-19,284.3,284.65,277.3,282.2,343470.0
2020-06-22,279.2,282.65,279.05,279.9,240600.0
2020-06-23,282.95,284.95,278.1,281.5,476930.0
2020-06-24,282.05,287.35,282.05,286.0,306980.0
2020-06-25,280.8,283.15,277.3,277.95,348190.0
2020-06-26,281.95,283.3,278.9,281.65,270930.0
2020-06-29,278.35,280.95,276.25,278.15,330170.0
2020-06-30,282.15,283.25,279.55,280.8,292410.0
2020-07-01,282.9,283.25,279.2,279.85,249770.0
2020-07-02,281.05,283.6,280.5,283.4,223060.0
2020-07-03,284.6,286.5,283.05,286.5,206180.0
2020-07-06,286.95,291.2,286.1,290.7,235210.0
2020-07-07,294.0,294.0,286.65,287.5,318460.0
2020-07-08,287.1,288.4,285.3,286.15,286760.0
2020-07-09,287.9,289.7,287.15,288.0,272750.0
2020-07-10,288.0,288.25,283.3,284.55,261029.99999999997
2020-07-13,288.0,290.35,286.5,289.8,190620.0
2020-07-14,288.3,289.9,286.8,289.35,230040.0
2020-07-15,292.5,294.65,291.05,292.55,232460.0
2020-07-16,292.05,292.75,288.45,289.2,225600.0
2020-07-17,289.65,292.05,289.45,291.85,180880.0
2020-07-20,292.5,292.9,288.9,290.9,191240.0
2020-07-21,293.85,296.3,293.25,295.05,204190.0
2020-07-22,295.05,296.2,293.55,294.3,198920.0
2020-07-23,294.25,294.45,290.2,292.0,246920.0
2020-07-24,290.05,292.55,289.25,290.3,221750.0
2020-07-27,290.2,295.2,290.0,294.05,219590.0
2020-07-28,296.5,301.4,295.9,299.2,288810.0
2020-07-29,300.15,303.25,299.4,301.2,255150.0
2020-07-30,303.0,304.0,301.55,301.8,208270.0
2020-07-31,303.0,304.2,298.8,299.35,276160.0
2020-08-03,299.6,300.15,297.3,299.2,224850.0
2020-08-04,301.0,303.95,300.8,303.0,217960.0
2020-08-05,303.4,306.7,302.5,306.7,233530.0
2020-08-06,307.65,312.8,307.2,311.55,328850.0
2020-08-07,312.0,314.0,309.5,312.1,295350.0
2020-08-10,312.05,317.4,311.45,316.95,271620.0
2020-08-11,317.05,322.75,316.95,320.8,322660.0
2020-08-12,319.95,323.3,317.35,322.5,328020.0
2020-08-13,325.1,326.25,319.25,323.1,351110.0
2020-08-14,322.0,322.65,316.35,318.75,282820.0
2020-08-18,320.7,321.8,311.7,313.05,300280.0
2020-08-19,314.9,316.9,313.3,313.45,261740.0
2020-08-20,311.05,312.6,301.1,301.45,413670.0
2020-08-21,305.4,309.9,303.15,306.95,337570.0
2020-08-24,306.95,310.7,303.55,310.7,274650.0
2020-08-25,311.9,314.25,310.4,314.25,242950.0
2020-08-26,313.95,314.95,309.65,314.0,294670.0
2020-08-27,314.5,314.9,310.7,310.8,293110.0
2020-08-28,313.25,316.05,310.7,312.95,319420.0
2020-08-31,314.95,316.2,306.7,306.7,331910.0
2020-09-01,307.35,311.0,307.3,310.45,298070.0
2020-09-02,312.0,312.9,308.35,311.75,261930.0
2020-09-03,314.5,317.35,314.1,315.9,281300.0
2020-09-04,308.0,312.35,307.5,311.05,277320.0
2020-09-07,312.15,314.0,310.45,313.55,233350.0
2020-09-08,315.9,317.45,314.45,317.35,257350.00000000003
2020-09-09,313.25,315.65,312.75,313.35,253010.0
2020-09-10,316.5,318.1,315.55,317.5,146510.0
2020-09-11,314.0,316.25,312.25,315.75,228090.0
2020-09-14,318.65,320.5,317.85,320.0,163890.0
2020-09-15,321.2,322.8,319.65,322.15,179990.0
2020-09-16,322.15,323.5,320.9,321.25,181800.0
2020-09-17,320.95,321.2,316.1,316.75,272910.0
2020-09-18,318.5,318.75,315.8,318.45,227270.0
2020-09-21,317.0,320.3,314.25,315.45,266320.0
2020-09-22,314.45,315.2,306.2,307.45,337520.0
2020-09-23,309.55,310.25,302.55,309.3,410780.0
2020-09-24,304.9,305.8,301.15,301.45,375630.0
2020-09-25,303.85,304.4,301.45,303.4,266010.0
2020-09-28,306.1,308.15,304.5,307.65,186900.0
2020-09-29,311.35,311.4,308.6,309.95,263470.0
2020-10-05,310.05,314.7,309.35,313.9,280340.0
2020-10-06,314.95,316.45,313.25,314.4,243250.0
2020-10-07,312.55,317.7,311.85,317.7,296640.0
2020-10-08,320.3,320.5,316.55,318.0,310750.0
2020-10-12,319.65,320.05,317.8,319.3,210100.0
2020-10-13,320.9,321.2,316.7,318.8,233220.0
2020-10-14,319.55,319.7,315.35,316.1,253250.0
2020-10-15,315.6,315.8,312.2,313.3,285170.0
2020-10-16,314.25,315.1,309.7,312.15,266620.0
2020-10-19,312.7,315.05,312.2,312.45,217700.0
2020-10-20,311.35,315.05,310.0,315.0,303550.0
2020-10-21,315.0,316.65,314.2,316.1,224650.0
2020-10-22,314.0,314.2,311.65,313.7,254650.0
2020-10-23,315.35,315.85,312.25,315.3,236940.0
2020-10-26,315.7,316.85,313.75,313.8,210080.0
2020-10-27,312.2,313.75,310.65,311.1,229150.0
2020-10-28,310.0,313.45,309.25,313.1,209530.0
2020-10-29,308.85,310.15,306.05,309.2,316110.0
2020-10-30,307.85,308.55,301.1,301.8,309090.0
2020-11-02,302.1,306.0,301.45,305.6,272120.0
2020-11-03,307.0,312.3,306.7,312.1,255160.0
2020-11-04,314.7,315.7,311.35,313.8,455540.0
2020-11-05,316.4,321.2,315.2,320.9,312670.0
2020-11-06,323.0,324.25,320.85,321.85,301610.0
2020-11-09,325.2,328.35,324.7,325.75,271880.0
2020-11-10,327.4,327.5,323.5,326.15,331780.0
2020-11-11,326.55,331.65,326.5,331.25,299010.0
2020-11-12,330.95,331.55,328.6,329.6,334520.0
2020-11-13,328.55,333.25,328.1,333.1,277610.0
2020-11-16,335.5,341.15,334.35,340.1,246820.0
2020-11-17,341.1,342.4,339.2,340.25,245730.0
2020-11-18,340.2,341.75,338.9,339.95,238180.0
2020-11-19,338.8,340.35,337.45,340.25,241030.0
2020-11-20,338.85,341.7,338.55,340.3,255670.0
2020-11-23,342.0,348.75,340.45,348.5,250690.0
2020-11-24,350.0,352.35,348.45,350.0,294610.0
2020-11-25,352.6,353.65,346.3,348.1,360840.0
2020-11-26,348.0,352.05,347.1,351.95,270860.0
2020-11-27,351.5,352.95,350.45,352.65,221400.0
2020-11-30,353.65,355.0,346.65,347.25,359210.0
2020-12-01,349.45,353.35,348.95,352.4,261170.00000000003
2020-12-02,354.0,359.0,353.5,358.75,326150.0
2020-12-03,360.0,361.4,358.15,361.3,244600.0
2020-12-04,362.05,369.55,362.0,368.1,415650.0
2020-12-07,370.15,371.1,364.95,369.85,389290.0
2020-12-08,368.9,369.2,363.25,363.45,406260.0
2020-12-09,364.8,371.8,364.7,371.25,335900.0
2020-12-10,367.4,372.6,365.45,370.3,265980.0
2020-12-11,366.8,368.8,365.8,367.65,289910.0
2020-12-14,368.45,368.95,364.95,365.3,254390.0
2020-12-15,365.5,366.25,361.3,365.3,308920.0
2020-12-16,368.0,369.15,365.65,367.3,209600.0
2020-12-17,366.6,367.15,362.5,366.85,269720.0
2020-12-18,366.85,367.75,365.15,366.3,209730.0
2020-12-21,367.05,367.05,361.9,366.35,263750.0
2020-12-22,364.65,365.9,360.25,360.75,321960.0
2020-12-23,362.4,365.95,358.9,365.65,302780.0
2020-12-24,366.95,374.35,366.35,374.1,299690.0
2020-12-28,376.0,378.4,373.4,376.15,299490.0
2020-12-29,377.9,381.75,376.15,380.95,322920.0
2020-12-30,379.5,390.45,378.4,389.15,360840.0
2021-01-04,389.15,400.6,388.2,400.6,355480.0
2021-01-05,397.0,406.3,396.3,405.55,374220.0
2021-01-06,407.0,411.15,400.3,403.4,535790.0
2021-01-07,406.9,414.8,406.15,411.8,418240.0
2021-01-08,417.0,432.2,415.45,430.35,523260.0
2021-01-11,434.45,448.1,423.55,432.55,636030.0
2021-01-12,428.3,431.35,415.3,427.7,527410.0
2021-01-13,427.5,433.2,424.35,428.75,421230.0
2021-01-14,427.1,431.2,426.55,430.15,299740.0
2021-01-15,432.05,436.1,419.35,419.4,383340.0
2021-01-18,415.05,419.2,408.65,409.1,331380.0
2021-01-19,411.65,423.8,410.05,422.55,332000.0
2021-01-20,429.0,429.75,418.65,423.6,323790.0
2021-01-21,426.8,430.2,424.25,429.7,281240.0
2021-01-22,431.05,433.5,426.1,426.75,324590.0
2021-01-25,428.3,437.45,426.75,436.6,249440.0
2021-01-26,435.7,436.55,422.65,424.9,368920.0
2021-01-27,427.5,432.3,421.9,422.95,363750.0
2021-01-28,412.5,420.1,411.65,414.05,409130.0
2021-01-29,420.15,420.35,402.5,404.45,449860.0
2021-02-01,403.6,415.3,400.35,415.3,335700.0
2021-02-02,419.0,427.55,416.75,422.1,376340.0
2021-02-03,424.2,427.4,419.15,425.3,303260.0
2021-02-04,423.95,424.0,414.3,417.05,364140.0
2021-02-05,420.35,423.65,417.1,422.5,309930.0
2021-02-08,422.05,424.25,417.9,418.5,279520.0
2021-02-09,421.0,424.8,416.9,417.1,293780.0
2021-02-10,419.1,421.4,414.3,421.25,274760.0
2021-02-15,426.95,428.5,424.75,426.55,212320.0
2021-02-16,427.3,432.15,426.1,428.0,235260.0
2021-02-17,425.95,426.95,420.2,423.45,241780.0
2021-02-18,421.7,424.35,416.7,417.35,261079.99999999997
2021-02-19,417.2,421.45,410.1,421.45,315370.0
2021-02-22,424.3,425.65,415.8,416.9,265660.0
2021-02-23,413.0,419.25,410.3,416.3,289810.0
2021-02-24,415.05,419.8,406.4,407.35,371430.0
2021-02-25,414.65,422.95,412.65,422.95,292300.0
2021-02-26,412.15,412.95,406.2,409.95,358480.0
2021-03-02,420.05,422.35,411.45,415.0,305320.0
2021-03-03,414.0,420.0,412.3,419.4,234640.0
2021-03-04,414.35,417.6,411.05,413.35,323430.0
2021-03-05,408.3,413.5,405.55,411.75,330080.0
2021-03-08,415.55,415.85,407.3,408.2,263150.0
2021-03-09,408.45,409.0,399.0,404.6,334310.0
2021-03-10,411.3,411.65,402.15,403.5,263570.0
2021-03-11,404.7,413.35,404.5,410.85,167800.0
2021-03-12,415.45,417.35,413.3,415.15,216650.0
2021-03-15,415.55,416.25,412.25,412.5,194720.0
2021-03-16,414.2,417.25,413.75,417.0,169510.0
2021-03-17,416.45,416.6,410.05,412.8,219380.0
2021-03-18,416.15,420.2,415.85,416.95,222250.0
2021-03-19,410.4,413.6,409.25,410.75,234390.0
2021-03-22,413.0,413.7,408.8,412.4,194280.0
2021-03-23,414.5,415.65,407.55,408.15,216870.0
2021-03-24,405.25,407.95,402.85,407.0,203100.0
2021-03-25,405.75,410.8,404.9,408.1,224690.0
2021-03-26,409.9,412.45,408.55,411.95,191070.0
2021-03-29,414.0,414.0,409.45,411.8,205320.0
2021-03-30,413.6,417.55,412.2,415.55,188440.0
2021-03-31,417.5,420.0,414.6,414.65,207110.0
2021-04-01,418.05,419.6,416.15,419.2,202780.0
2021-04-02,422.45,424.95,422.0,423.6,164940.0
2021-04-05,425.0,425.7,421.8,424.05,144100.0
2021-04-06,427.35,427.45,422.6,425.05,177650.0
2021-04-07,426.25,427.55,424.25,425.5,189780.0
2021-04-08,425.3,426.4,423.35,424.5,197240.0
2021-04-09,425.45,427.5,422.0,423.25,233380.0
2021-04-12,424.85,425.1,422.0,423.5,174500.0
2021-04-13,423.9,429.6,423.0,427.9,197970.0
2021-04-14,429.45,431.8,427.45,431.05,200900.0
2021-04-15,430.35,434.2,430.05,431.4,254050.0
2021-04-16,433.0,433.25,429.8,431.1,200500.0
2021-04-19,431.05,433.85,429.9,431.2,184260.0
2021-04-20,430.6,434.45,430.3,433.2,188520.0
2021-04-21,431.2,431.45,424.45,425.65,226140.0
2021-04-22,427.6,429.5,426.0,427.3,210660.0
2021-04-23,424.9,428.2,421.7,426.9,225550.0
2021-04-26,428.65,431.1,427.5,431.1,180060.0
2021-04-27,431.8,431.9,429.35,431.6,158240.0
2021-04-28,431.05,431.3,425.75,426.5,195970.0
2021-04-29,428.2,429.55,424.4,425.4,255750.0
2021-04-30,424.0,425.85,420.6,422.1,222160.0
2021-05-03,422.0,425.7,419.1,419.75,258180.0
2021-05-04,419.65,423.2,418.6,423.2,241690.0
2021-05-06,421.0,426.15,420.65,425.45,262950.0
2021-05-07,426.3,429.85,425.7,429.1,190670.0
2021-05-10,431.3,436.9,429.85,435.95,255250.0
2021-05-11,433.0,433.45,426.35,427.85,289210.0
2021-05-12,427.85,428.3,417.9,420.5,395530.0
2021-05-13,415.0,420.3,414.2,415.1,358660.0
2021-05-14,417.4,421.45,417.05,419.85,243360.0
2021-05-17,422.4,422.65,415.65,418.1,281360.0
2021-05-18,419.35,423.8,419.15,422.9,208170.0
2021-05-20,420.35,422.8,418.85,421.4,244520.0
2021-05-21,424.75,427.8,420.6,421.6,296580.0
2021-05-24,421.3,422.8,419.15,419.65,236030.0
2021-05-25,422.0,424.95,421.3,424.95,221270.0
2021-05-26,424.95,426.15,422.6,423.4,199110.0
2021-05-27,424.05,424.35,419.75,422.6,255690.0
2021-05-28,425.0,427.7,423.65,426.35,202960.0
2021-05-31,427.3,427.95,424.25,427.7,208230.0
2021-06-01,428.0,432.45,427.05,430.1,277030.0
2021-06-02,430.2,432.8,429.35,429.5,229730.0
2021-06-03,431.2,435.75,430.65,433.45,231990.0
2021-06-04,432.45,433.2,429.35,432.45,246200.0
2021-06-07,435.0,435.95,430.75,433.65,243270.0
2021-06-08,433.5,435.2,432.3,432.95,213330.0
2021-06-09,432.1,432.55,428.05,428.3,229130.0
2021-06-10,428.35,430.85,427.6,429.9,127640.0
2021-06-11,430.3,433.15,430.1,432.05,212340.0
2021-06-14,432.95,433.05,430.55,432.3,119740.0
2021-06-15,432.8,433.95,431.7,433.45,152220.0
2021-06-16,433.1,436.6,432.7,436.15,171330.0
2021-06-17,433.8,434.15,431.6,432.85,184390.0
2021-06-18,434.5,435.75,433.3,434.5,149400.0
2021-06-21,430.3,431.85,428.25,430.35,213000.0
2021-06-22,432.75,433.95,432.05,433.4,141940.0
2021-06-23,435.0,436.35,433.7,435.85,150130.0
2021-06-24,436.5,438.55,436.35,437.7,152340.0
2021-06-25,439.6,441.85,438.75,439.7,169230.0
2021-06-28,440.0,440.6,437.95,438.85,118860.0
2021-06-29,439.65,439.7,435.9,437.05,135390.0
2021-06-30,438.5,439.95,437.85,438.85,130900.0
2021-07-01,438.65,438.85,435.2,435.9,145420.0
2021-07-02,434.9,437.55,434.9,435.7,132470.0
2021-07-05,437.05,438.55,436.45,438.25,120440.0
2021-07-06,438.75,440.6,438.5,439.15,140790.0
2021-07-07,437.75,438.2,435.35,436.45,173980.0
2021-07-08,436.8,438.2,430.85,430.85,226250.0
2021-07-09,427.15,429.6,423.15,426.25,272390.0
2021-07-12,429.15,431.5,429.1,431.5,168650.0
2021-07-13,433.25,434.9,433.1,434.6,127460.0
2021-07-14,433.0,433.85,431.3,433.65,167760.0
2021-07-15,434.7,436.5,433.0,436.25,162110.0
2021-07-16,434.15,434.8,432.5,434.1,170890.0
2021-07-19,430.5,430.6,428.25,429.3,176760.0
2021-07-20,426.0,428.5,425.6,428.5,189370.0
2021-07-21,430.2,430.5,425.1,425.65,227140.0
2021-07-22,428.35,431.85,428.0,431.5,168890.0
2021-07-23,432.0,432.95,430.35,431.5,140460.0
2021-07-26,432.8,432.9,426.9,428.0,183620.0
2021-07-27,429.95,431.05,427.8,428.15,195830.0
2021-07-28,426.9,429.8,425.5,428.65,275870.0
2021-07-29,430.0,431.2,428.15,429.4,223420.0
2021-07-30,428.0,428.05,423.8,424.4,237820.0
2021-08-02,426.4,427.05,423.25,426.45,204340.0
2021-08-03,425.85,430.4,425.6,430.3,235090.0
2021-08-04,431.25,436.9,430.55,436.2,255970.0
2021-08-05,436.65,438.15,434.8,435.2,220780.0
2021-08-06,435.6,436.6,432.5,433.55,207680.0
2021-08-09,431.6,433.25,429.9,432.0,210290.0
2021-08-10,433.05,433.45,427.2,429.0,234070.0
2021-08-11,427.2,428.9,424.45,425.0,242980.0
2021-08-12,424.25,425.55,421.65,423.35,248800.0
2021-08-13,421.75,422.5,414.2,416.1,301150.0
2021-08-17,415.5,417.35,410.4,411.75,298700.0
2021-08-18,411.3,415.3,409.0,413.05,283620.0
2021-08-19,410.4,412.6,404.65,404.85,390990.0
2021-08-20,406.35,408.2,399.25,400.9,450290.0
2021-08-23,404.0,407.85,402.1,405.15,290880.0
2021-08-24,408.0,413.0,408.0,413.0,288390.0
2021-08-25,414.2,415.8,410.9,413.45,325470.0
2021-08-26,414.5,415.65,409.8,410.5,343610.0
2021-08-27,408.95,412.05,407.25,410.6,279990.0
2021-08-30,415.0,415.4,410.3,411.9,246100.0
2021-08-31,412.25,419.8,409.7,419.5,375070.0
2021-09-01,418.75,421.4,417.2,419.8,314970.0
2021-09-02,419.1,420.15,414.85,416.6,294180.0
2021-09-03,417.4,419.95,416.3,419.15,275420.0
2021-09-06,419.4,420.95,418.0,420.15,239790.0
2021-09-07,420.0,420.1,416.35,418.5,249530.0
2021-09-08,416.5,417.7,413.55,414.5,240670.0
2021-09-09,412.5,413.55,406.6,407.4,216370.0
2021-09-10,407.55,409.75,406.2,408.2,257779.99999999997
2021-09-13,406.9,411.2,406.75,409.7,268210.0
2021-09-14,411.9,415.0,411.3,412.6,239060.0
2021-09-15,412.75,414.75,410.8,413.0,269840.0
2021-09-16,414.5,414.8,408.65,409.1,264560.0
2021-09-17,409.1,411.3,406.55,410.75,285320.0
2021-09-23,407.7,410.9,407.2,409.55,267420.0
2021-09-24,411.2,412.5,408.8,409.25,249140.0
2021-09-27,408.3,412.75,408.3,410.7,219060.0
2021-09-28,410.1,410.3,404.9,404.9,251620.0
2021-09-29,400.0,402.1,396.2,399.15,368960.0
2021-09-30,398.75,402.35,397.5,401.5,311840.0
2021-10-01,399.0,400.15,393.5,393.6,329860.0
2021-10-05,390.0,391.9,384.65,388.75,448930.0
2021-10-06,390.05,392.0,381.75,382.4,466360.0
2021-10-07,385.0,389.35,384.5,388.2,382240.0
2021-10-08,390.7,390.75,386.8,388.05,359620.0
2021-10-12,386.0,386.7,379.1,380.25,382180.0
2021-10-13,380.3,386.05,379.55,384.6,276470.0
2021-10-14,387.35,389.8,386.8,389.4,303870.0
2021-10-15,391.75,394.75,391.7,394.6,237650.0
2021-10-18,393.8,394.4,389.55,392.9,243650.0
2021-10-19,395.85,396.45,393.65,395.8,197540.0
2021-10-20,397.15,398.4,393.9,394.0,212110.0
2021-10-21,394.0,395.8,392.75,393.4,228950.0
2021-10-22,392.45,395.25,391.9,394.4,227220.0
2021-10-25,392.5,396.3,390.3,395.85,202200.0
2021-10-26,397.9,400.05,396.7,399.35,190870.0
2021-10-27,398.2,398.75,394.5,395.45,204610.0
2021-10-28,395.35,397.6,394.35,394.35,227980.0
2021-10-29,395.4,396.65,387.5,388.15,295370.0
2021-11-01,390.5,392.0,389.6,390.9,199630.0
2021-11-02,392.65,398.5,392.15,395.6,257060.0
2021-11-03,396.45,396.5,388.55,389.05,250930.0
2021-11-04,393.0,395.75,391.15,392.45,264080.0
2021-11-05,394.7,395.6,387.9,390.65,267190.0
2021-11-08,391.15,391.35,385.7,389.95,247940.0
2021-11-09,390.0,393.8,388.5,390.5,266600.0
2021-11-10,388.85,390.8,385.95,386.45,273110.0
2021-11-11,383.55,386.7,382.85,386.55,264570.0
2021-11-12,388.55,392.1,387.45,391.15,200800.0
2021-11-15,394.1,395.95,392.5,395.3,169600.0
2021-11-16,394.0,396.8,392.8,394.6,187340.0
2021-11-17,394.7,395.35,388.85,389.85,200730.0
2021-11-18,388.6,390.15,386.75,388.35,205480.0
2021-11-19,387.55,391.35,387.1,390.85,226080.0
2021-11-22,393.8,400.15,392.6,400.0,223780.0
2021-11-23,399.3,399.65,395.65,396.05,211590.0
2021-11-24,397.2,399.35,393.25,395.4,229030.0
2021-11-25,395.9,396.2,391.7,392.6,186960.0
2021-11-26,390.9,392.55,384.2,384.85,274490.0
2021-11-29,380.0,385.0,380.0,381.95,297870.0
2021-11-30,384.8,386.0,370.45,373.35,413560.0
2021-12-01,376.15,383.75,373.8,383.0,395810.0
2021-12-02,380.15,389.35,379.55,389.0,365190.0
2021-12-03,387.45,393.2,385.9,392.25,338540.0
2021-12-06,390.15,394.55,387.2,392.3,331200.0
2021-12-07,392.3,396.4,390.5,396.15,300950.0
2021-12-08,399.75,402.5,396.55,398.25,287810.0
2021-12-09,397.6,400.4,397.0,399.4,163150.0
2021-12-10,394.1,395.0,392.15,393.0,218060.0
2021-12-13,394.8,399.7,393.0,393.9,246310.0
2021-12-14,390.3,393.2,389.3,390.45,271330.0
2021-12-15,388.85,391.25,388.3,390.85,194390.0
2021-12-16,394.05,395.3,390.7,393.5,243380.0
2021-12-17,389.85,394.6,389.6,393.95,234930.0
2021-12-20,392.2,392.3,385.7,386.6,274230.0
2021-12-21,389.5,391.05,386.9,389.5,236820.0
2021-12-22,391.5,393.6,390.35,391.6,183540.0
2021-12-23,393.65,394.05,391.5,393.6,171230.0
2021-12-24,394.95,398.4,394.9,397.0,146600.0
2021-12-27,397.0,397.15,394.25,394.3,144980.0
2021-12-28,395.5,398.3,392.8,398.3,198440.0
2021-12-29,398.8,399.3,396.3,396.3,209790.0
2021-12-30,397.15,398.3,393.65,394.25,221970.0
2022-01-03,396.0,399.25,393.95,395.3,206960.0
2022-01-04,395.5,396.3,392.75,394.65,227370.0
2022-01-05,394.15,394.45,386.85,389.1,268930.0
2022-01-06,386.0,390.05,385.1,385.25,290500.0
2022-01-07,388.6,391.1,387.2,390.5,241860.0
2022-01-10,390.0,390.1,384.3,386.7,269200.0
2022-01-11,387.7,390.0,386.0,388.3,298560.0
2022-01-12,391.05,395.15,391.0,395.0,220920.0
2022-01-13,396.15,396.25,392.35,392.5,253380.0
2022-01-14,390.55,390.6,385.9,386.5,273930.0
2022-01-17,385.3,387.1,381.5,384.3,222870.0
2022-01-18,384.05,385.6,379.65,380.65,276300.0
2022-01-19,377.95,381.8,376.7,378.0,282690.0
2022-01-20,377.8,380.45,376.4,380.05,268550.0
2022-01-21,376.35,377.3,373.25,376.35,316910.0
2022-01-24,374.55,375.9,369.8,370.85,263820.0
2022-01-25,369.0,370.75,359.85,361.0,446820.0
2022-01-26,363.4,365.35,360.35,360.7,327420.0
2022-01-27,361.95,362.45,347.45,347.45,518679.99999999994
2022-01-28,350.4,358.85,347.45,356.6,450180.0
2022-02-03,364.8,366.35,361.4,361.5,300430.0
2022-02-04,363.4,366.65,361.7,366.4,270910.0
2022-02-07,363.95,364.65,359.0,363.25,306000.0
2022-02-08,366.0,367.25,360.65,363.2,272630.0
2022-02-09,367.0,368.95,365.65,368.9,219670.0
2022-02-10,370.7,372.45,369.0,371.75,298160.0
2022-02-11,368.45,370.8,366.3,368.0,288490.0
2022-02-14,365.0,365.95,360.3,363.65,300080.0
2022-02-15,363.9,364.7,358.9,360.55,278630.0
2022-02-16,364.85,367.65,364.5,367.35,214470.0
2022-02-17,368.5,373.05,365.7,370.2,426270.0
2022-02-18,366.25,369.45,364.65,368.4,296830.0
2022-02-21,362.4,369.05,360.8,369.05,298030.0
2022-02-22,361.9,364.75,360.6,363.6,321490.0
2022-02-23,366.45,366.6,362.5,364.05,229680.0
2022-02-24,359.45,360.6,353.6,354.4,433430.0
2022-02-25,358.0,360.8,356.9,359.4,285720.0
2022-02-28,357.05,361.6,355.5,361.2,281080.0
2022-03-02,362.0,362.75,359.6,360.2,261670.00000000003
2022-03-03,363.0,367.3,362.7,366.45,229660.0
2022-03-04,365.9,366.1,359.6,361.15,326950.0
2022-03-07,354.0,354.9,350.5,352.8,315100.0
2022-03-08,347.35,352.35,346.6,347.9,273770.0
2022-03-10,356.9,358.0,355.05,355.45,141770.0
2022-03-11,355.0,355.8,352.45,354.15,234400.0
2022-03-14,354.25,355.95,352.2,354.0,210240.0
2022-03-15,352.2,353.05,349.3,350.3,232780.0
2022-03-16,354.0,356.2,351.45,356.1,229190.0
2022-03-17,362.95,364.15,360.7,361.75,256790.00000000003
2022-03-18,360.15,362.45,359.2,362.0,217690.0
2022-03-21,363.15,363.75,357.9,358.75,182850.0
2022-03-22,358.4,361.95,358.2,361.4,188610.0
2022-03-23,363.6,366.4,362.7,364.25,197570.0
2022-03-24,361.5,363.2,360.15,362.5,201420.0
2022-03-25,363.5,364.1,360.75,361.75,194210.0
2022-03-28,359.55,362.85,358.3,362.45,189860.0
2022-03-29,364.3,365.45,362.25,363.55,177010.0
2022-03-30,367.0,367.5,364.3,364.75,199240.0
2022-03-31,364.75,367.75,364.45,365.7,204060.0
2022-04-01,364.1,364.5,361.5,363.5,176150.0
2022-04-04,361.9,365.5,360.7,365.5,159070.0
2022-04-05,366.2,367.1,363.75,365.3,157560.0
2022-04-06,361.8,363.0,360.65,361.35,192220.0
2022-04-07,358.3,358.7,355.05,356.2,250210.0
2022-04-08,356.95,357.1,353.95,356.4,200870.0
2022-04-11,354.5,357.5,353.35,356.05,240760.0
2022-04-12,353.5,355.05,351.2,352.65,273110.0
2022-04-13,354.1,359.55,353.15,358.8,284850.0
2022-04-14,358.45,359.05,356.05,357.35,270010.0
2022-04-15,354.95,355.0,352.2,352.95,194050.0
2022-04-18,350.4,354.45,350.2,353.7,195670.0
2022-04-19,355.25,358.4,354.65,357.2,215230.0
2022-04-20,356.75,358.0,354.5,356.95,221930.0
2022-04-21,358.8,360.8,358.05,358.9,214910.0
2022-04-22,355.3,355.8,353.15,354.55,251930.0
2022-04-25,350.35,351.7,348.35,348.35,252140.0
2022-04-26,350.0,352.0,349.55,350.05,196140.0
2022-04-27,343.9,346.45,343.05,345.4,258769.99999999997
2022-04-28,347.75,349.9,345.2,349.9,241860.0
2022-04-29,349.55,355.6,348.45,355.6,234620.0
2022-05-02,351.2,354.05,351.15,353.45,214230.0
2022-05-03,353.3,356.15,352.5,352.85,243230.0
2022-05-04,354.3,355.45,352.1,353.55,186900.0
2022-05-06,349.65,349.7,347.35,348.3,217680.0
2022-05-09,346.05,348.65,344.5,345.3,223070.0
2022-05-10,342.2,343.95,338.0,343.1,335190.0
2022-05-11,341.5,343.65,340.5,343.05,241030.0
2022-05-12,339.35,342.4,337.1,337.8,401750.0
2022-05-13,339.8,345.95,339.35,345.7,266380.0
2022-05-16,347.75,348.85,343.45,344.15,277090.0
2022-05-17,345.0,348.0,344.7,347.6,195480.0
2022-05-18,349.2,351.05,347.15,348.4,234430.0
2022-05-19,340.05,343.9,340.0,342.1,298230.0
2022-05-20,344.95,349.75,344.25,349.65,245120.0
2022-05-23,351.55,351.85,348.65,350.7,219970.0
2022-05-24,348.85,349.75,344.05,344.2,221430.0
2022-05-25,346.65,347.8,343.75,346.15,239250.0
2022-05-26,345.2,349.05,343.0,344.8,271660.0
2022-05-27,348.15,349.4,347.4,348.9,220910.0
2022-05-30,351.95,352.95,350.25,352.95,198740.0
2022-05-31,352.4,354.6,350.25,354.15,236780.0
2022-06-02,351.85,352.35,349.3,350.0,219920.0
2022-06-03,353.25,353.85,351.15,352.4,199530.0
2022-06-07,349.65,350.25,344.7,345.7,221100.0
2022-06-08,345.65,347.95,345.4,346.65,199900.0
2022-06-09,345.25,346.65,343.55,345.5,157500.0
2022-06-10,342.3,342.75,339.9,341.1,249250.0
2022-06-13,334.0,335.3,329.1,329.25,281730.0
2022-06-14,324.6,328.8,323.55,327.0,375670.0
2022-06-15,326.8,327.8,319.8,321.4,347540.0
2022-06-16,325.4,328.45,321.4,321.6,387300.0
2022-06-17,315.45,320.3,314.75,319.0,381680.0
2022-06-20,321.35,321.7,311.75,313.85,366190.0
2022-06-21,315.95,318.75,314.0,316.7,330350.0
2022-06-22,318.0,318.2,307.75,308.3,369090.0
2022-06-23,308.45,310.95,304.5,306.1,513620.0
2022-06-24,307.1,313.7,306.4,312.7,376910.0
2022-06-27,314.05,318.85,311.75,316.6,365400.0
2022-06-28,317.05,319.1,315.0,318.95,321000.0
2022-06-29,315.2,316.05,313.05,313.3,276590.0
2022-06-30,311.4,312.1,307.3,307.45,339240.0
2022-07-01,310.0,311.25,302.65,304.95,383440.0
2022-07-04,304.95,306.75,301.8,305.05,330440.0
2022-07-05,307.5,310.95,306.35,309.95,326270.0
2022-07-06,307.0,308.5,302.45,303.3,401570.0
2022-07-07,305.3,310.8,304.5,308.95,326720.0
2022-07-08,311.0,313.7,310.3,310.8,317040.0
2022-07-11,311.95,312.6,308.5,309.1,269270.0
2022-07-12,308.1,308.4,304.15,305.55,264930.0
2022-07-13,306.7,309.55,305.8,307.9,302520.0
2022-07-14,304.95,308.65,304.25,306.6,355350.0
2022-07-15,308.1,308.8,302.5,308.0,386010.0
2022-07-18,311.45,316.0,310.85,316.0,269270.0
2022-07-19,314.05,314.25,312.1,313.7,241050.0
2022-07-20,318.9,319.95,315.65,316.5,276220.0
2022-07-21,316.9,320.05,316.4,318.8,255800.0
2022-07-22,318.8,321.15,317.35,318.2,254220.0
2022-07-25,316.45,320.6,316.25,319.1,251530.0
2022-07-26,318.0,320.5,317.2,320.5,206130.0
2022-07-27,320.15,320.35,317.85,320.25,192030.0
2022-07-28,322.8,324.6,321.2,322.8,271480.0
2022-07-29,324.95,326.5,322.55,323.45,242370.0
2022-08-01,323.0,324.95,321.25,323.9,226610.0
2022-08-02,323.0,323.35,320.6,321.5,221880.0
2022-08-03,321.85,324.15,320.6,324.15,225270.0
2022-08-04,326.1,326.7,324.4,325.75,244060.0
2022-08-05,327.4,328.75,326.75,327.35,198050.0
2022-08-08,325.25,327.45,325.1,326.85,174530.0
2022-08-09,327.8,328.75,325.6,328.2,201010.0
2022-08-10,326.15,326.95,324.05,324.5,189800.0
2022-08-11,328.25,330.2,328.0,330.2,252410.0
2022-08-12,329.15,331.5,329.05,330.7,178240.0
2022-08-16,333.1,333.7,331.45,332.05,164750.0
2022-08-17,332.75,333.5,329.8,329.8,177090.0
2022-08-18,327.4,329.7,326.3,328.35,221340.0
2022-08-19,329.0,329.3,326.5,326.8,171230.0
2022-08-22,323.6,324.5,321.95,322.2,202690.0
2022-08-23,320.4,321.7,318.15,318.15,237540.0
2022-08-24,319.65,320.75,318.4,319.6,207060.0
2022-08-25,321.05,323.9,320.7,323.85,218750.0
2022-08-26,325.0,326.5,323.55,324.5,204040.0
2022-08-29,315.9,317.25,315.35,315.7,230260.0
2022-08-30,317.5,319.6,316.95,319.45,220170.0
2022-08-31,316.3,323.1,315.9,321.0,291850.0
2022-09-01,317.1,317.85,314.05,314.5,320450.0
2022-09-02,315.7,315.85,311.15,313.85,298980.0
2022-09-05,312.85,315.25,311.15,312.1,269770.0
2022-09-06,313.15,314.8,311.35,312.9,247870.0
2022-09-07,310.4,310.5,306.2,308.3,260940.0
2022-09-08,310.55,310.8,308.1,309.1,181890.0
2022-09-13,315.45,320.2,314.65,320.2,284820.0
2022-09-14,310.2,314.3,309.25,312.7,380120.0
2022-09-15,314.0,314.15,310.75,311.4,261040.00000000003
2022-09-16,308.1,309.35,307.0,307.9,264310.0
2022-09-19,309.3,310.1,305.9,306.9,234010.0
2022-09-20,308.95,310.35,307.15,307.55,233620.0
2022-09-21,305.35,306.4,304.05,304.4,263590.0
2022-09-22,301.1,302.2,299.35,301.05,280860.0
2022-09-23,301.5,302.0,296.8,297.85,271220.0
2022-09-26,293.35,294.35,289.65,290.3,375830.0
2022-09-27,290.4,291.45,287.45,290.6,389400.0
2022-09-28,287.8,289.75,281.35,283.0,535200.0
2022-09-29,287.0,289.15,283.55,284.75,387460.0
2022-09-30,282.7,285.7,280.0,282.45,506800.0
2022-10-04,286.1,290.15,285.9,290.0,320710.0
2022-10-05,294.2,294.5,288.2,290.4,347940.0
2022-10-06,291.55,294.15,290.7,292.15,321220.0
2022-10-07,289.0,292.95,288.7,290.85,318540.0
2022-10-11,285.75,285.95,282.85,284.9,350020.0
2022-10-12,284.6,287.9,284.55,287.85,353240.0
2022-10-13,286.4,286.8,282.4,282.8,347220.0
2022-10-14,287.3,291.05,287.0,290.9,298200.0
2022-10-17,286.65,290.65,285.4,289.35,290510.0
2022-10-18,294.0,294.5,290.3,294.5,318570.0
2022-10-19,294.3,295.8,291.3,291.3,339930.0
2022-10-20,289.4,290.35,286.85,288.6,382760.0
2022-10-21,288.0,290.95,287.55,289.55,308490.0
2022-10-24,294.15,295.0,291.0,292.9,316290.0
2022-10-25,292.5,294.55,291.45,292.45,308670.0
2022-10-26,291.95,296.05,291.7,294.7,283320.0
2022-10-27,297.0,300.0,295.9,299.65,312680.0
2022-10-28,297.35,299.35,295.5,295.8,284050.0
2022-10-31,299.1,300.85,297.2,300.7,298490.0
2022-11-01,301.65,304.75,300.5,303.9,270230.0
2022-11-02,303.5,305.5,302.45,304.45,245630.0
2022-11-03,298.85,304.2,297.75,302.05,360260.0
2022-11-04,301.05,305.45,299.9,305.4,331710.0
2022-11-07,306.05,309.0,305.2,309.0,322250.0
2022-11-08,310.45,313.35,309.85,312.95,319500.0
2022-11-09,314.55,317.05,313.4,316.25,313440.0
2022-11-10,313.55,315.65,311.45,311.45,368200.0
2022-11-11,322.0,324.95,321.4,324.95,393590.0
2022-11-14,324.65,325.75,322.1,322.6,339710.0
2022-11-15,324.25,324.25,321.05,323.0,279560.0
2022-11-16,324.0,324.1,319.05,322.95,365090.0
2022-11-17,320.45,321.3,317.85,319.25,284560.0
2022-11-18,317.55,321.45,317.35,317.45,300400.0
2022-11-21,317.9,318.5,314.0,314.45,239490.0
2022-11-22,314.2,315.9,312.35,312.35,262310.0
2022-11-23,314.75,315.85,313.55,315.05,226420.0
2022-11-24,317.0,318.25,315.8,318.05,220620.0
2022-11-25,318.4,318.45,316.3,316.5,179870.0
2022-11-28,314.15,314.9,311.6,312.9,267460.0
2022-11-29,312.35,316.0,311.6,315.7,250090.0
2022-11-30,314.05,320.8,314.05,319.65,287190.0
2022-12-01,324.65,325.95,321.75,323.1,328920.0
2022-12-02,321.5,321.8,314.95,315.0,296040.0
2022-12-05,316.15,317.1,313.2,314.35,288490.0
2022-12-06,311.2,313.3,309.7,310.15,280590.0
2022-12-07,309.15,310.3,308.1,308.2,268690.0
2022-12-08,308.55,309.1,306.2,307.6,172550.0
2022-12-09,308.3,310.7,306.95,310.65,291190.0
2022-12-12,308.15,309.0,307.25,308.05,225520.0
2022-12-13,309.15,310.25,306.9,308.3,253580.0
2022-12-14,309.5,311.85,309.05,311.4,244960.0
2022-12-15,309.35,310.0,305.75,306.15,258459.99999999997
2022-12-16,301.6,305.15,301.45,304.05,248930.0
2022-12-19,304.05,306.0,303.4,304.35,194420.0
2022-12-20,303.75,304.45,300.7,301.9,313050.0
2022-12-21,303.6,303.7,300.7,301.0,214780.0
2022-12-22,302.15,305.25,301.75,305.05,226890.0
2022-12-23,301.6,302.35,299.1,299.45,238760.0
2022-12-26,299.45,300.3,298.55,299.95,127250.0
2022-12-27,301.35,302.85,300.55,302.3,213570.0
2022-12-28,300.55,300.9,298.2,298.45,235070.0
2022-12-29,295.9,297.2,292.7,292.85,228240.0
2023-01-02,293.65,295.3,290.95,291.25,157130.0
2023-01-03,291.65,292.3,285.4,290.95,372990.0
2023-01-04,289.55,297.95,289.1,297.0,344310.0
2023-01-05,299.2,301.05,297.25,298.45,338710.0
2023-01-06,297.5,304.4,297.3,303.25,365870.0
2023-01-09,306.5,311.5,305.7,311.5,342470.0
2023-01-10,310.35,313.6,309.8,310.9,309990.0
2023-01-11,312.95,313.9,310.5,312.0,260709.99999999997
2023-01-12,313.9,314.35,311.3,313.3,243740.0
2023-01-13,314.0,317.15,313.6,315.3,276280.0
2023-01-16,316.0,319.3,315.6,317.7,199070.0
2023-01-17,317.95,318.1,314.8,315.55,239710.0
2023-01-18,315.0,315.55,311.4,313.7,254360.0
2023-01-19,311.85,315.3,311.3,314.75,227760.0
2023-01-20,315.0,317.2,313.85,316.85,205860.0
2023-01-25,321.1,323.05,321.0,322.55,136270.0
2023-01-26,322.55,326.85,321.5,326.65,189900.0
2023-01-27,326.7,331.2,325.7,328.75,206820.0
2023-01-30,328.9,329.85,323.5,323.85,208390.0
2023-01-31,324.25,324.4,318.1,318.65,238090.0
2023-02-01,320.8,322.85,319.65,322.85,222570.0
2023-02-02,326.65,327.85,322.85,325.1,266880.0
2023-02-03,324.75,327.7,323.45,326.05,224760.0
2023-02-06,323.9,324.6,318.8,318.8,278450.0
2023-02-07,319.1,322.15,318.6,321.3,234280.0
2023-02-08,323.5,327.15,323.1,326.35,206920.0
2023-02-09,324.6,326.35,323.25,324.85,237280.0
2023-02-10,323.5,324.35,321.55,323.75,260480.00000000003
2023-02-13,322.65,323.1,319.75,322.6,237240.0
2023-02-14,324.65,326.35,323.3,324.85,218610.0
2023-02-15,324.9,324.9,317.4,317.4,241310.0
2023-02-16,320.15,324.9,319.7,324.1,265710.0
2023-02-17,320.6,324.0,320.0,321.55,235720.0
2023-02-20,322.05,323.35,318.2,323.2,252380.0
2023-02-21,321.95,323.15,320.05,322.0,237360.0
2023-02-22,318.5,318.85,315.85,316.2,235500.0
2023-02-23,317.4,321.4,317.05,320.1,260860.0
2023-02-24,319.5,321.4,317.0,317.7,196960.0
2023-02-27,314.25,314.5,311.45,314.0,253020.0
2023-02-28,315.45,317.9,314.2,315.8,230270.0
2023-03-02,315.25,318.8,314.2,315.3,289320.0
2023-03-03,317.4,318.2,315.1,316.8,232170.0
2023-03-06,319.45,321.2,317.8,321.0,236070.0
2023-03-07,320.5,322.05,319.1,319.4,192060.0
2023-03-08,316.2,316.7,314.25,314.65,200200.0
2023-03-09,316.5,316.85,313.7,314.04,127280.0
2023-03-10,311.85,312.75,310.0,311.35,274320.0
2023-03-13,313.3,314.95,309.35,314.15,293360.0
2023-03-14,311.25,311.35,306.15,306.9,315260.0
2023-03-15,310.5,312.6,309.05,310.1,278700.0
2023-03-16,306.4,310.35,305.7,309.6,300580.0
2023-03-17,313.05,313.85,310.75,313.4,233860.0
2023-03-20,312.85,314.5,310.0,310.0,208140.0
2023-03-21,312.55,313.25,310.8,311.85,207560.0
2023-03-22,314.45,315.5,313.2,315.4,190670.0
2023-03-23,313.25,316.6,312.65,316.1,239270.0
2023-03-24,316.0,316.7,313.45,315.3,216110.0
2023-03-27,316.3,316.45,311.95,314.25,319830.0
2023-03-28,314.9,317.5,314.4,317.45,212840.0
2023-03-29,316.7,318.15,315.9,317.9,182090.0
2023-03-30,319.45,321.35,318.2,319.9,267220.0
2023-03-31,321.35,324.55,320.65,323.7,229470.0
2023-04-03,324.2,324.55,321.35,322.1,222610.0
2023-04-04,322.65,324.45,321.7,323.7,217240.0
2023-04-05,324.0,325.75,322.95,325.75,198100.0
2023-04-06,324.0,324.2,319.15,319.75,244920.0
2023-04-07,321.6,325.4,321.55,324.85,183640.0
2023-04-10,324.65,329.5,324.25,327.95,238760.0
2023-04-11,329.25,333.2,328.6,332.15,271970.0
2023-04-12,331.85,334.4,331.55,333.45,265920.0
2023-04-13,331.55,334.6,331.05,334.3,240250.0
2023-04-14,336.2,337.25,334.1,335.2,241000.0
2023-04-17,335.0,335.75,333.6,335.4,198830.0
2023-04-18,334.95,336.0,332.55,335.15,201700.0
2023-04-19,334.5,336.25,334.25,335.1,171640.0
2023-04-20,333.65,334.9,332.65,334.15,230390.0
2023-04-21,333.35,333.8,330.9,331.95,222120.0
2023-04-24,331.0,331.6,329.6,329.95,192490.0
2023-04-25,330.9,331.1,323.9,325.75,307600.0
2023-04-26,324.9,326.7,324.55,325.25,215680.0
2023-04-27,324.35,326.35,322.05,325.85,276520.0
2023-04-28,327.5,329.4,325.3,326.4,289890.0
2023-05-02,327.75,330.1,327.1,330.0,220630.0
2023-05-03,327.9,328.5,326.4,326.8,187740.0
2023-05-04,325.7,326.65,324.7,325.8,204770.0
2023-05-08,329.2,330.85,328.9,330.0,193380.0
2023-05-09,329.15,329.4,327.7,328.6,174060.0
2023-05-10,328.6,328.65,325.45,326.5,174380.0
2023-05-11,327.55,329.0,325.4,325.4,214240.0
2023-05-12,324.35,325.75,323.45,324.3,197770.0
2023-05-15,322.7,325.2,322.05,325.15,197970.0
2023-05-16,326.95,328.25,325.15,325.55,186640.0
2023-05-17,325.45,327.95,325.1,326.5,157830.0
2023-05-18,328.6,330.25,327.9,329.8,210600.0
2023-05-19,332.3,334.9,332.25,334.75,206070.0
2023-05-22,335.0,338.15,333.95,337.0,219690.0
2023-05-23,338.2,338.95,336.8,338.0,192560.0
2023-05-24,335.9,337.85,335.55,336.85,190840.0
2023-05-25,338.0,338.35,335.25,336.0,228190.0
2023-05-26,336.4,338.3,335.95,337.8,185250.0
2023-05-30,340.65,342.05,339.85,342.05,204570.0
2023-05-31,341.3,342.65,338.95,339.0,237370.0
2023-06-01,338.55,339.75,337.3,338.05,216420.0
2023-06-02,340.5,343.0,340.1,342.95,172360.0
2023-06-05,344.9,345.0,343.3,344.0,163410.0
2023-06-07,345.1,345.75,343.1,343.25,165560.0
2023-06-08,342.15,342.75,340.65,342.75,119520.0
2023-06-09,346.05,349.5,344.8,349.5,207240.0
2023-06-12,349.7,350.1,345.6,346.65,201030.0
2023-06-13,348.75,349.3,347.15,348.4,195680.0
2023-06-14,348.3,348.55,345.8,346.4,214860.0
2023-06-15,347.4,348.45,344.75,345.15,236590.0
2023-06-16,346.65,347.35,344.9,347.3,210360.0
2023-06-19,346.2,346.4,343.85,345.1,154500.0
2023-06-20,343.85,344.75,342.85,344.15,173850.0
2023-06-21,343.5,343.8,340.9,341.15,189450.0
2023-06-22,340.35,343.1,340.2,342.25,181280.0
2023-06-23,343.05,343.45,339.65,340.25,179150.0
2023-06-26,339.5,342.1,339.05,341.4,166830.0
2023-06-27,341.15,341.75,339.85,341.55,194000.0
2023-06-28,342.7,342.8,338.95,339.55,187380.0
2023-06-29,340.4,342.6,339.2,339.2,220660.0
2023-06-30,339.35,341.25,336.95,340.5,229860.0
2023-07-03,341.65,345.8,341.65,345.75,198960.0
2023-07-04,345.5,345.95,343.85,343.85,159280.0
2023-07-05,343.55,344.95,340.6,340.6,204660.0
2023-07-06,340.75,340.8,337.7,338.1,285650.0
2023-07-07,336.2,336.4,332.2,332.85,288440.0
2023-07-10,334.0,335.3,332.0,332.85,280150.0
2023-07-11,335.2,339.0,334.7,338.85,238310.0
2023-07-12,339.0,341.1,337.8,340.8,223000.0
2023-07-13,343.8,344.9,343.25,343.65,224170.0
2023-07-14,345.4,349.25,344.8,348.2,235360.0
2023-07-17,347.0,349.0,346.7,347.9,171690.0
2023-07-18,348.55,348.85,344.8,345.6,193820.0
2023-07-19,347.05,347.45,343.65,344.4,196720.0
2023-07-20,342.35,344.95,342.1,343.3,185940.0
2023-07-21,341.3,344.15,338.9,344.15,217330.0
2023-07-24,344.0,347.25,342.05,346.0,256149.99999999997
2023-07-25,347.0,347.7,344.3,346.4,174220.0
2023-07-26,346.4,347.2,341.6,342.45,317780.0
2023-07-27,342.95,346.8,342.4,346.35,256649.99999999997
2023-07-28,344.65,345.9,342.75,345.25,253700.0
2023-07-31,347.05,348.5,346.15,347.25,218330.0
2023-08-01,347.2,352.9,346.75,352.35,244030.0
2023-08-02,350.6,351.05,344.45,344.8,267430.0
2023-08-03,344.6,345.85,341.15,342.7,297350.0
2023-08-04,343.45,343.85,341.4,342.3,211660.0
2023-08-07,341.3,344.2,340.2,340.95,222870.0
2023-08-08,342.3,343.4,337.95,339.15,262070.0
2023-08-09,338.65,343.2,338.55,342.5,219550.0
2023-08-10,341.5,341.65,339.85,340.45,183310.0
2023-08-11,340.6,343.85,339.85,340.45,204460.0
2023-08-14,339.3,340.05,335.8,337.25,213990.0
2023-08-16,335.05,335.5,331.3,332.35,212020.0
2023-08-17,329.95,331.0,326.25,331.0,266280.0
2023-08-18,327.95,330.65,326.3,328.5,223760.0
2023-08-21,328.95,331.45,328.55,328.95,192320.0
2023-08-22,331.0,332.55,328.85,330.0,214850.0
2023-08-23,328.65,330.35,328.0,329.65,181150.0
2023-08-24,333.0,334.15,332.4,333.9,201060.0
2023-08-25,329.4,331.55,328.65,330.2,207430.0
2023-08-28,332.05,332.75,330.9,332.65,165360.0
2023-08-29,333.9,334.5,332.75,333.45,170580.0
2023-08-30,336.55,337.7,334.75,334.75,171000.0
2023-08-31,335.35,336.1,333.55,334.95,199880.0
2023-09-01,334.0,339.05,333.85,337.85,217830.0
2023-09-04,338.85,340.8,337.75,340.75,192010.0
2023-09-05,341.15,341.25,339.4,340.5,169810.0
2023-09-06,339.45,340.5,337.4,337.8,181950.0
2023-09-07,336.2,337.8,335.2,336.3,213550.0
2023-09-08,336.1,336.75,334.05,336.75,190070.0
2023-09-11,336.55,338.05,335.35,338.05,222070.0
2023-09-12,339.0,339.2,335.5,335.75,200250.0
2023-09-13,335.0,337.55,334.85,336.1,188610.0
2023-09-14,336.7,340.35,336.65,341.19,129509.99999999999
2023-09-15,343.1,348.35,342.65,346.9,264920.0
2023-09-18,345.0,345.95,342.75,342.95,199100.0
2023-09-19,342.7,343.65,339.75,340.75,195780.0
2023-09-20,340.7,341.35,339.25,340.6,172900.0
2023-09-21,338.0,338.75,334.0,334.2,245740.0
2023-09-22,331.45,333.75,330.1,332.85,229050.0
2023-09-25,332.2,333.65,331.25,333.1,185450.0
2023-09-26,333.0,333.2,328.25,328.35,221530.0
2023-09-27,326.1,329.15,325.9,329.0,245590.0
2023-10-04,324.8,325.05,319.75,320.1,305910.0
2023-10-05,322.0,323.15,319.7,319.75,258980.00000000003
2023-10-06,319.9,322.1,319.75,320.5,203260.0
2023-10-10,323.95,326.55,321.05,321.45,296610.0
2023-10-11,324.2,329.05,324.15,327.0,287210.0
2023-10-12,328.7,330.6,328.1,330.45,274120.0
2023-10-13,327.45,328.6,326.6,327.85,195530.0
2023-10-16,326.2,327.3,322.85,324.85,248380.0
2023-10-17,327.15,329.65,326.45,328.8,242040.0
2023-10-18,327.95,330.6,327.65,330.2,221550.0
2023-10-19,326.5,326.7,323.7,323.7,263090.0
2023-10-20,321.0,321.6,317.55,318.85,299690.0
2023-10-23,317.15,319.25,316.45,317.0,247160.0
2023-10-24,318.55,319.65,312.9,319.55,376130.0
2023-10-25,320.3,320.75,317.55,317.85,240640.0
2023-10-26,312.95,313.5,309.15,309.15,338120.0
2023-10-27,309.95,311.5,308.5,309.2,300850.0
2023-10-30,307.25,311.25,306.75,310.2,271380.0
2023-10-31,311.65,312.8,306.25,307.1,339720.0
2023-11-01,308.4,311.65,307.65,311.05,298710.0
2023-11-02,316.05,317.65,315.25,316.15,287140.0
2023-11-03,319.7,319.95,317.75,319.6,228310.0
2023-11-06,324.0,335.3,323.2,335.3,484520.0
2023-11-07,334.9,335.0,324.95,328.4,422400.0
2023-11-08,331.1,331.65,324.25,325.1,330770.0
2023-11-09,325.95,327.9,324.45,326.7,294370.0
2023-11-10,324.0,324.95,322.15,324.7,205370.0
2023-11-13,328.25,328.75,323.25,325.1,247620.0
2023-11-14,326.6,328.9,326.25,327.8,217320.0
2023-11-15,334.8,335.95,332.2,335.25,271850.0
2023-11-16,334.35,335.8,333.1,334.55,208630.0
2023-11-17,334.2,335.15,331.85,333.1,200420.0
2023-11-20,332.35,336.5,331.5,335.55,211420.0
2023-11-21,338.0,338.55,336.4,337.45,202100.0
2023-11-22,335.0,338.3,333.8,338.0,201420.0
2023-11-23,337.45,338.75,336.25,337.95,169000.0
2023-11-24,337.2,338.4,334.7,334.7,159900.0
2023-11-27,334.35,336.7,333.3,334.2,206050.0
2023-11-28,335.75,338.4,335.35,338.4,220320.0
2023-11-29,338.35,338.35,334.8,337.55,228400.0
2023-11-30,337.05,339.2,335.35,339.15,224110.0
2023-12-01,337.75,338.15,334.6,335.5,238460.0
2023-12-04,337.05,338.3,336.0,336.7,219000.0
2023-12-05,334.15,335.35,332.65,332.65,215340.0
2023-12-06,333.8,335.95,333.5,333.5,210170.0
2023-12-07,331.8,334.1,331.5,332.4,237100.0
2023-12-08,334.8,337.65,334.7,337.25,224530.0
2023-12-11,338.0,338.5,335.85,338.25,175510.0
2023-12-12,340.05,341.0,339.25,340.5,201310.0
2023-12-13,340.95,341.0,336.7,337.0,167240.0
2023-12-14,341.25,342.95,339.4,341.33,145370.0
2023-12-15,341.3,346.25,341.3,343.25,225670.0
2023-12-18,343.25,344.85,342.4,344.45,190680.0
2023-12-19,343.8,345.0,342.4,344.75,158920.0
2023-12-20,347.2,351.7,347.05,351.65,218060.0
2023-12-21,349.0,350.5,347.6,348.9,196290.0
2023-12-22,351.45,353.35,350.2,350.7,184770.0
2023-12-26,352.45,352.8,350.05,352.0,170640.0
2023-12-27,352.15,356.15,351.85,355.9,248710.0
2023-12-28,355.5,362.7,355.2,362.7,250880.0
2024-01-02,360.7,365.4,358.6,363.8,272310.0
2024-01-03,359.7,359.9,353.4,353.6,295730.0
2024-01-04,350.2,353.2,349.25,350.3,298780.0
2024-01-05,349.35,351.1,348.5,348.7,208090.0
2024-01-08,350.35,351.9,347.4,347.4,224130.0
2024-01-09,351.4,353.0,345.5,346.3,321020.0
2024-01-10,345.35,347.15,342.25,342.7,241490.0
2024-01-11,344.45,345.1,342.0,343.55,288480.0
2024-01-12,341.5,343.2,338.95,340.0,231340.0
2024-01-15,340.0,342.5,339.75,341.3,181980.0
2024-01-16,339.55,340.3,335.7,336.0,258899.99999999997
2024-01-17,336.45,337.95,327.3,327.3,343950.0
2024-01-18,328.7,330.3,326.8,329.1,305160.0
2024-01-19,333.0,334.8,332.25,333.65,293230.0
2024-01-22,337.05,338.5,334.35,334.5,243620.0
2024-01-23,334.0,336.85,333.95,336.45,256120.0
2024-01-24,337.1,337.8,332.05,334.85,233850.0
2024-01-25,334.7,335.7,333.1,335.05,237220.0
2024-01-26,333.5,338.95,331.9,335.15,263380.0
2024-01-29,336.25,341.5,335.8,339.25,284310.0
2024-01-30,340.55,342.5,337.85,338.7,241440.0
2024-01-31,335.15,337.8,335.15,337.0,234880.0
2024-02-01,335.8,342.95,335.0,342.15,302540.0
2024-02-02,344.6,354.35,344.6,354.05,335280.0
2024-02-05,353.7,354.05,344.8,349.25,413950.0
2024-02-06,348.05,350.75,345.65,348.05,309440.0
2024-02-07,349.75,355.5,349.05,352.7,297550.0
2024-02-08,355.1,355.8,352.1,353.4,266320.0
2024-02-13,355.55,359.4,355.3,357.25,207150.0
2024-02-14,352.0,353.75,350.55,352.5,239200.0
2024-02-15,355.65,356.5,351.6,352.15,212140.0
2024-02-16,354.3,355.8,352.75,355.8,184470.0
2024-02-19,355.3,361.7,354.9,361.1,216030.0
2024-02-20,360.3,360.9,354.6,356.65,211290.0
2024-02-21,357.05,359.05,354.65,355.95,214590.0
2024-02-22,360.0,360.2,356.2,357.9,189470.0
2024-02-23,360.4,362.95,358.1,359.05,207650.0
2024-02-26,359.25,359.3,352.75,355.25,242780.0
2024-02-27,356.45,356.7,352.2,352.6,220950.0
2024-02-28,353.9,358.1,352.7,357.2,192020.0
2024-02-29,355.6,356.85,353.55,355.75,198180.0
2024-03-04,359.2,362.8,358.8,361.4,203950.0
2024-03-05,360.1,362.85,357.45,357.65,212150.0
2024-03-06,354.6,357.25,354.5,356.6,192630.0
2024-03-07,358.3,359.15,354.95,357.1,245120.0
2024-03-08,360.55,363.3,360.1,362.15,247100.0
2024-03-11,359.9,361.0,358.2,359.05,200360.0
2024-03-12,360.0,362.35,357.95,361.7,192400.0
2024-03-13,363.4,364.6,361.4,363.55,202840.0
2024-03-14,363.55,366.7,363.3,366.68,119010.0
2024-03-15,365.7,366.05,360.65,361.1,239320.0
2024-03-18,361.1,363.15,359.8,362.95,191740.0
2024-03-19,361.0,361.25,356.6,358.95,254830.0
2024-03-20,361.0,365.1,360.95,365.05,242870.0
2024-03-21,371.7,375.75,370.5,375.45,278120.0
2024-03-22,373.95,376.95,372.4,373.4,228310.0
2024-03-25,373.8,376.8,371.6,372.6,193810.0
2024-03-26,375.05,380.0,374.25,376.0,242660.0
2024-03-27,375.3,377.35,373.55,376.3,175560.0
2024-03-28,376.75,377.85,374.9,375.7,188530.0
2024-03-29,376.95,378.65,375.2,376.95,178190.0
2024-04-01,379.95,381.4,377.0,377.0,176200.0
2024-04-02,375.4,380.2,375.4,378.55,215360.0
2024-04-03,376.3,377.05,372.3,373.05,256420.00000000003
2024-04-04,376.25,378.5,376.05,378.25,204810.0
2024-04-05,375.0,376.5,372.4,373.75,238790.0
2024-04-08,376.0,376.65,373.55,375.2,201170.0
2024-04-09,376.95,378.2,372.5,372.8,247550.0
2024-04-11,365.85,374.35,365.85,372.8,319640.0
2024-04-12,373.65,374.2,368.55,369.35,253030.0
2024-04-15,366.5,367.55,362.55,367.2,268310.0
2024-04-16,362.95,363.5,356.75,358.15,278960.0
2024-04-17,360.0,360.45,354.35,354.7,287150.0
2024-04-18,353.5,361.4,353.45,360.35,252020.0
2024-04-19,357.0,357.3,348.15,354.05,430020.0
2024-04-22,355.15,359.3,354.7,358.8,344160.0
2024-04-23,359.1,360.0,357.05,358.5,221230.0
2024-04-24,363.3,365.75,362.65,364.55,200750.0
2024-04-25,360.0,361.45,358.0,358.6,217750.0
2024-04-26,362.0,363.55,359.9,361.9,215140.0
2024-04-29,364.35,366.05,363.7,365.65,170050.0
2024-04-30,365.05,369.2,365.05,367.45,228620.0
2024-05-02,365.1,366.6,363.35,365.35,205810.0
2024-05-03,369.3,370.25,364.5,364.5,201430.0
2024-05-07,370.75,374.15,370.6,373.7,225040.0
2024-05-08,374.35,375.45,373.1,375.3,180840.0
2024-05-09,376.4,376.6,370.15,370.95,244500.0
2024-05-10,373.95,375.35,371.9,372.4,191950.0
2024-05-13,373.1,374.4,370.05,371.65,195240.0
2024-05-14,372.4,373.3,371.25,371.85,165060.0
2024-05-16,379.05,379.8,375.6,376.0,254720.0
2024-05-17,374.35,375.6,371.2,371.35,199000.0
2024-05-20,374.1,376.95,373.45,374.65,264890.0
2024-05-21,373.85,374.2,372.0,373.25,180580.0
2024-05-22,373.45,373.85,369.25,372.85,246730.0
2024-05-23,372.6,374.3,369.6,372.75,260600.00000000003
2024-05-24,367.25,367.95,365.65,366.55,248260.0
2024-05-27,368.5,372.4,366.6,371.75,296730.0
2024-05-28,372.45,372.85,369.85,372.05,225400.0
2024-05-29,371.65,371.7,365.6,366.35,274190.0
2024-05-30,362.2,363.35,359.25,360.1,304560.0
2024-05-31,361.75,363.45,358.9,360.05,321520.0
2024-06-03,362.7,367.25,361.3,366.1,270460.0
2024-06-04,365.05,365.1,362.3,363.3,275470.0
2024-06-05,366.0,367.8,363.4,366.5,292870.0
2024-06-07,369.8,373.15,369.15,371.9,269320.0
2024-06-10,367.85,370.3,365.9,368.0,257320.0
2024-06-11,367.35,369.25,366.45,368.85,222950.0
2024-06-12,368.0,371.85,367.35,371.7,216330.0
2024-06-13,375.5,378.9,375.4,374.75,161900.0
2024-06-14,375.5,379.05,375.5,377.45,225260.0
2024-06-17,376.0,377.4,374.8,375.95,212950.0
2024-06-18,379.15,380.2,377.15,379.6,201090.0
2024-06-19,382.6,385.9,382.25,385.7,239110.0
2024-06-20,385.2,387.9,384.45,386.8,211490.0
2024-06-21,383.25,384.65,381.4,383.45,233600.0
2024-06-24,381.45,381.9,378.85,380.7,230260.0
2024-06-25,379.65,382.4,379.15,381.95,207070.0
2024-06-26,380.5,384.75,378.95,384.75,240370.0
2024-06-27,381.7,384.3,379.5,383.8,254640.0
2024-06-28,385.55,386.35,383.65,386.35,234060.0
2024-07-01,384.3,387.05,383.7,386.7,205820.0
2024-07-02,384.2,386.3,382.7,383.5,253880.0
2024-07-03,386.0,386.55,382.2,385.3,257130.0
2024-07-04,388.7,391.1,388.15,391.05,256459.99999999997
2024-07-05,390.7,399.55,390.55,398.0,344950.0
2024-07-08,397.1,398.9,396.5,396.7,207880.0
2024-07-09,398.9,399.7,395.7,398.05,222690.0
2024-07-10,396.5,398.5,395.8,398.35,193250.0
2024-07-11,401.7,402.45,399.1,400.55,244320.0
2024-07-12,396.25,397.85,392.95,395.25,296330.0
2024-07-15,396.6,397.35,393.6,397.25,246120.0
2024-07-16,395.55,398.65,395.35,397.2,253730.0
2024-07-17,397.8,398.45,393.6,394.2,234380.0
2024-07-18,390.0,391.2,387.1,390.3,310660.0
2024-07-19,387.3,387.45,383.45,386.0,232600.0
2024-07-22,383.35,386.3,380.2,382.2,309370.0
2024-07-23,384.5,386.7,382.4,383.2,257760.0
2024-07-24,380.25,383.8,379.15,380.95,260079.99999999997
2024-07-25,375.35,376.0,372.4,374.35,283440.0
2024-07-26,373.5,377.15,373.1,375.95,256029.99999999997
2024-07-29,378.95,381.85,377.25,380.25,240070.0
2024-07-30,375.9,377.55,375.2,376.9,224230.0
2024-07-31,375.7,382.15,374.75,382.0,301120.0
2024-08-01,386.0,386.25,382.1,382.55,273300.0
2024-08-02,374.1,374.7,365.15,366.7,373290.0
2024-08-05,359.65,360.0,324.6,330.45,626410.0
2024-08-06,343.9,352.15,338.4,340.0,613040.0
2024-08-07,335.1,353.75,334.3,350.5,533870.0
2024-08-08,343.4,349.6,341.05,346.05,437510.0
2024-08-09,356.45,356.95,350.05,352.95,299660.0
2024-08-12,353.25,357.4,352.55,355.85,212130.0
2024-08-13,358.15,359.1,355.4,357.35,210720.0
2024-08-14,362.95,363.15,359.35,360.95,237550.0
2024-08-16,368.1,370.0,367.1,369.25,242340.0
2024-08-19,371.0,371.8,364.3,365.05,235290.0
2024-08-20,371.0,371.45,368.15,369.65,194200.0
2024-08-21,367.45,369.8,366.7,369.2,174990.0
2024-08-22,371.2,371.25,367.45,369.45,192700.0
2024-08-23,366.0,370.6,365.95,368.85,168120.0
2024-08-26,369.4,370.8,366.0,367.1,206640.0
2024-08-27,366.2,367.0,364.4,366.35,167370.0
2024-08-28,364.95,367.45,362.75,367.45,205080.0
2024-08-29,361.5,362.35,359.05,361.65,216030.0
2024-08-30,362.6,364.15,361.5,362.8,184890.0
2024-09-02,362.0,363.25,358.35,362.7,204790.0
2024-09-03,363.05,364.0,359.15,359.25,175820.0
2024-09-04,349.0,351.2,346.1,346.8,354230.0
2024-09-05,348.7,351.55,344.2,346.1,303640.0
2024-09-06,347.0,347.75,340.45,342.2,332100.0
2024-09-09,334.0,341.8,333.55,341.5,288290.0
2024-09-10,341.75,342.75,337.75,339.15,264840.0
2024-09-11,339.8,339.8,332.85,335.85,241460.0
2024-09-12,340.4,343.1,339.45,343.85,126620.0
2024-09-13,345.4,347.55,343.45,345.95,196000.0
2024-09-19,347.15,348.75,340.6,345.75,265790.0
2024-09-20,349.25,351.15,346.1,346.65,217690.0
2024-09-23,347.4,348.15,345.7,347.45,170010.0
2024-09-24,347.9,352.0,346.2,352.0,260149.99999999997
2024-09-25,354.6,356.4,346.0,346.3,306200.0
2024-09-26,352.0,358.6,351.0,358.5,266120.0
2024-09-27,361.2,361.4,355.8,355.85,256589.99999999997
2025-01-23,335.6,337.5,334.3,335.85,177290.0
2025-01-30,333.0,334.35,329.7,332.5,231290.0
2025-02-02,326.5,326.85,320.8,323.2,274590.0
2025-02-03,328.7,332.2,326.2,327.6,280490.0
2025-02-04,330.05,333.1,329.8,331.2,191980.0
2025-02-05,333.85,335.0,332.1,334.5,168310.0
2025-02-06,334.65,335.3,332.05,332.7,158850.0
2025-02-09,330.3,333.75,329.0,332.4,216410.0
2025-02-10,333.3,337.2,333.15,335.65,219640.0
2025-02-11,336.9,337.05,333.05,336.35,175470.0
2025-02-12,337.5,339.75,336.7,339.35,201610.0
2025-02-13,341.1,343.05,339.8,341.7,177770.0
2025-02-16,341.7,344.25,341.45,343.75,152260.0
2025-02-17,344.75,346.95,343.2,346.4,177190.0
2025-02-18,347.4,354.9,347.3,353.75,237420.0
2025-02-19,353.1,353.1,349.8,350.7,210240.0
2025-02-20,352.2,352.25,348.15,350.9,160410.0
2025-02-23,347.1,348.35,346.0,347.5,172270.0
2025-02-24,345.2,347.65,343.6,346.55,158640.0
2025-02-25,346.45,349.25,344.5,347.85,166690.0
2025-02-26,348.55,349.15,344.7,346.55,192790.0
2025-02-27,342.0,342.05,333.6,333.6,309500.0
2025-03-03,331.85,336.1,330.0,333.05,239070.0
2025-03-04,335.5,338.25,333.45,336.35,215570.0
2025-03-05,338.85,340.75,337.2,339.7,181250.0
2025-03-06,336.05,339.65,334.65,338.15,174460.0
2025-03-09,335.65,339.85,334.7,339.2,161250.0
2025-03-10,331.2,335.8,329.05,334.85,228980.0
2025-03-11,334.3,341.25,333.2,340.7,181350.0
2025-03-12,340.7,343.65,337.25,337.4,115050.0
2025-03-13,339.8,340.95,337.7,340.2,146110.0
2025-03-16,342.0,347.35,341.85,346.6,193060.0
2025-03-17,351.2,352.1,346.85,348.0,188120.0
2025-03-18,348.35,352.75,347.3,350.5,203450.0
2025-03-19,351.5,354.45,351.25,353.3,188430.0
2025-03-20,351.0,355.3,350.2,354.95,182000.0
2025-03-23,354.55,355.7,352.2,353.65,181520.0
2025-03-24,354.65,355.55,351.0,352.35,186570.0
2025-03-25,352.9,356.0,351.95,354.9,184330.0
2025-03-26,351.8,353.6,350.05,350.05,200240.0
2025-03-27,349.95,350.0,343.0,344.65,227440.0
2025-03-30,338.0,338.25,333.55,333.8,242990.0
2025-03-31,335.45,340.7,335.15,339.95,276440.0
2025-04-01,341.8,342.5,336.1,337.4,221620.0
2025-04-02,326.05,333.6,324.15,332.4,284980.0
2025-04-03,327.0,335.8,325.7,329.15,362280.0
2025-04-06,310.4,315.9,306.65,308.5,409910.0
2025-04-07,317.5,318.65,309.0,310.55,336820.0
2025-04-08,306.0,310.6,303.15,304.65,342630.0
2025-04-09,324.8,324.9,318.8,324.55,299600.0
2025-04-10,318.2,323.35,317.7,322.35,225340.0
2025-04-13,325.8,327.3,324.1,325.7,163690.0
2025-04-14,325.3,329.35,325.1,328.55,130729.99999999999
2025-04-15,326.9,327.75,323.15,323.85,150280.0
2025-04-16,322.8,327.2,322.65,326.35,164920.0
2025-04-17,326.0,329.05,325.75,328.95,102320.0
2025-04-20,327.5,330.8,327.45,328.7,145210.0
2025-04-21,327.0,329.9,326.5,328.55,146190.0
2025-04-22,333.0,334.85,332.0,334.8,160270.0
2025-04-23,335.6,335.75,331.5,333.5,142510.0
2025-04-24,337.95,338.55,335.75,337.4,169860.0
2025-04-27,337.3,338.75,336.55,337.5,135130.0
2025-04-28,338.35,341.35,336.9,339.75,146950.0
2025-04-29,339.55,340.6,337.05,338.85,169630.0
2025-05-01,338.6,340.4,336.1,339.3,179760.0
2025-05-06,341.5,343.3,339.55,341.1,181280.0
2025-05-07,341.3,343.9,341.2,341.45,180630.0
2025-05-08,341.4,343.3,340.6,341.4,137090.0
2025-05-11,344.6,346.65,343.3,346.3,156560.0
2025-05-12,348.6,349.55,346.55,347.6,160240.0
2025-05-13,350.15,353.6,349.65,352.0,176920.0
2025-05-14,351.0,352.7,348.8,349.35,156470.0
2025-05-15,350.55,351.6,349.6,350.4,119110.0
2025-05-18,349.0,349.4,345.2,346.05,163770.0
2025-05-19,349.95,350.25,346.85,347.35,137610.0
2025-05-20,348.0,351.3,347.7,349.0,157540.0
2025-05-21,347.5,347.7,343.9,344.3,173680.0
2025-05-22,343.9,346.6,343.9,345.15,133260.0
2025-05-25,345.95,350.9,345.6,350.1,184680.0
2025-05-26,350.1,351.95,349.2,351.45,135310.0
2025-05-27,352.55,359.7,352.15,356.8,254870.0
2025-05-28,360.0,363.8,358.9,363.4,243170.0
2025-05-29,360.85,363.1,359.15,360.1,200560.0
2025-05-30,359.0,363.2,357.9,359.15,213050.0
2025-06-03,364.9,370.05,363.6,370.05,212020.0
2025-06-04,373.0,380.1,372.0,376.1,288240.0
2025-06-08,378.5,385.05,378.4,382.55,254430.0
2025-06-09,385.9,386.95,381.45,384.5,239660.0
2025-06-10,385.5,390.45,385.15,390.1,203920.0
2025-06-11,390.95,393.9,389.2,391.45,105370.0
2025-06-12,393.0,394.3,385.8,387.8,259420.00000000003
2025-06-13,390.2,395.3,386.55,394.2,246800.0
2025-06-16,397.25,403.35,393.3,396.0,310160.0
2025-06-17,393.7,400.9,392.15,399.4,239200.0
2025-06-18,400.4,402.95,396.55,399.25,227950.0
2025-06-19,400.0,405.85,399.45,405.15,222760.0
2025-06-20,401.05,405.5,397.75,404.55,256100.00000000003
2025-06-23,410.35,418.7,409.4,418.7,270310.0
2025-06-24,420.85,422.85,415.8,419.55,262470.0
2025-06-25,419.85,421.15,410.4,415.6,284880.0
2025-06-26,417.5,418.25,411.65,413.45,220920.0
2025-06-27,413.25,418.2,413.25,416.15,210380.0
2025-06-30,415.9,424.15,415.85,416.9,243310.0
2025-07-01,417.45,418.25,409.95,415.1,246650.0
2025-07-02,417.3,421.9,416.6,421.55,219070.0
2025-07-03,424.5,424.7,413.1,413.25,257540.00000000003
2025-07-04,411.15,415.5,409.35,413.75,234040.0
2025-07-07,412.1,422.3,412.05,421.65,246160.0
2025-07-08,422.0,423.8,419.65,422.85,173540.0
2025-07-09,424.2,428.7,422.1,428.3,226290.0
2025-07-10,430.25,434.8,427.8,428.5,240170.0
2025-07-11,426.25,433.2,425.95,432.4,194560.0
2025-07-14,432.7,435.5,429.6,435.35,230910.0
2025-07-15,432.7,434.25,429.65,430.55,181040.0
2025-07-16,432.7,433.3,426.15,431.8,236390.0
2025-07-17,434.0,434.4,429.15,431.55,180540.0
2025-07-18,429.6,435.6,429.55,434.65,152950.0
2025-07-21,435.15,436.55,426.8,429.0,224200.0
2025-07-22,429.85,432.8,424.9,430.4,239030.0
2025-07-23,432.7,437.75,429.3,429.3,268230.0
2025-07-24,429.05,432.75,428.3,431.1,183000.0
2025-07-25,431.5,436.1,428.7,432.65,215300.0
2025-07-28,432.3,436.85,427.3,436.2,222730.0
2025-07-29,435.5,442.7,434.4,439.95,231590.0
2025-07-30,443.5,444.85,436.7,437.9,238340.0
2025-07-31,432.8,433.3,420.05,420.4,283900.0
2025-08-01,420.4,426.75,418.65,425.5,236960.0
2025-08-04,428.55,433.95,428.1,431.75,199580.0
2025-08-05,428.55,431.3,427.4,431.3,151550.0
2025-08-06,433.2,434.95,430.55,434.8,175000.0
2025-08-07,435.8,436.4,432.2,433.85,180600.0
2025-08-08,435.5,435.9,432.2,433.55,150300.0
2025-08-11,433.8,439.25,431.7,432.2,203770.0
2025-08-12,435.8,437.15,432.2,437.05,171540.0
2025-08-13,437.45,439.0,434.65,436.0,161910.0
2025-08-15,435.15,435.5,429.3,429.7,164200.0
2025-08-18,430.6,431.8,425.3,426.45,192570.0
2025-08-19,421.95,424.3,417.3,424.0,274690.0
2025-08-20,425.6,428.4,424.15,425.4,191450.0
2025-08-21,426.45,430.7,426.25,428.2,172740.0
2025-08-22,433.85,433.95,430.15,433.75,176730.0
2025-08-25,432.85,433.05,428.65,429.4,192090.0
2025-08-26,431.65,431.8,426.85,430.6,163050.0
2025-08-27,428.5,434.4,426.5,432.65,181890.0
2025-08-28,434.3,434.7,430.25,430.6,155100.0
2025-08-29,423.5,423.5,423.5,423.5,169350.0
2025-09-01,424.65,428.5,423.65,428.1,175600.0
2025-09-02,429.95,429.95,429.95,429.95,162220.0
2025-09-03,430.75,433.35,429.3,431.15,198050.0
2025-09-04,433.65,434.75,431.7,433.6,156230.0
2025-09-05,433.95,435.65,432.9,435.15,160670.0
2025-09-08,436.35,441.5,434.95,441.1,190300.0
2025-09-09,442.85,451.15,441.9,449.95,228670.0
2025-09-10,452.15,456.2,450.8,454.85,116100.0
2025-09-11,460.75,464.5,458.5,464.4,208880.0
2025-09-12,466.8,469.1,464.05,466.45,224780.0
2025-09-15,467.2,474.85,466.3,473.9,208580.0
2025-09-16,472.1,472.55,466.95,468.3,214660.0
2025-09-17,471.6,476.75,469.4,475.95,224040.0
2025-09-18,478.0,478.45,473.25,474.7,197390.0
2025-09-19,475.4,481.85,475.35,478.85,230320.0
2025-09-22,483.0,484.3,479.55,482.85,205340.0
2025-09-23,481.65,484.8,477.0,481.05,233200.0
2025-09-24,478.0,482.65,477.65,481.1,225550.0
2025-09-25,479.0,479.05,466.2,469.4,328650.0
2025-09-26,471.1,478.1,471.05,477.05,216150.0
2025-09-29,478.0,478.95,474.8,475.85,206380.0
2025-09-30,477.8,481.45,476.95,480.45,206440.0
2025-10-01,488.6,500.1,488.35,495.15,345140.0
2025-10-09,505.0,509.95,501.2,507.85,236180.0
2025-10-10,493.6,502.8,492.85,501.7,291250.0
2025-10-13,509.45,512.4,493.6,497.25,395580.0
2025-10-14,502.25,511.95,499.35,511.5,229070.0
2025-10-15,512.9,525.15,510.7,524.6,281690.0
2025-10-16,522.7,533.5,521.3,525.8,311130.0
2025-10-17,532.0,536.15,522.45,536.15,268090.0
2025-10-20,541.65,548.25,535.5,537.2,310030.0
2025-10-21,536.0,543.5,530.05,543.35,263720.0
2025-10-22,536.55,546.25,533.15,537.05,309080.0
2025-10-23,545.05,552.55,542.6,551.45,225930.0
2025-10-24,560.55,566.7,557.35,566.5,248350.0
2025-10-27,566.85,566.85,555.0,561.15,245740.0
2025-10-28,567.3,573.05,560.1,573.05,294250.0
2025-10-29,577.0,583.6,572.3,574.2,408380.0
2025-10-30,576.3,581.85,571.25,581.15,263890.0
2025-10-31,581.45,599.25,580.7,598.95,259260.0
2025-11-03,603.65,603.9,581.7,583.15,312080.0
2025-11-04,576.0,577.35,544.4,565.5,450180.0
2025-11-05,580.45,582.0,562.25,569.15,334520.0
2025-11-06,560.95,571.0,549.25,558.7,315200.0
2025-11-07,561.9,579.7,561.7,576.9,233850.0
2025-11-10,583.15,594.9,576.2,581.7,301090.0
2025-11-11,582.3,589.05,577.9,587.7,205930.0
2025-11-13,576.5,576.5,563.05,563.05,234140.0
2025-11-14,572.75,577.25,569.95,575.55,213530.0
2025-11-17,568.5,574.15,556.4,556.55,276180.0
2025-11-18,556.75,560.0,542.35,553.45,312690.0
2025-11-19,568.6,574.15,564.05,566.0,247640.0
2025-11-20,542.0,545.55,538.2,541.3,269070.0
2025-11-21,549.5,552.75,540.25,542.5,276780.0
2025-11-24,555.6,558.4,541.05,545.8,246370.0
2025-11-25,550.6,559.85,545.75,559.75,194310.0
2025-11-26,564.0,570.2,560.7,563.15,206940.0
2025-11-27,564.55,567.55,554.1,555.9,174620.0
2025-11-28,559.1,562.9,549.1,553.4,222220.0
2025-12-01,558.0,566.65,556.55,565.45,152720.0
2025-12-02,569.9,574.65,564.35,571.25,188680.0
2025-12-03,570.55,570.75,562.65,570.3,166900.0
2025-12-04,567.4,581.2,565.45,580.4,172490.0
2025-12-05,583.3,588.85,577.35,588.7,172920.0
2025-12-08,586.25,588.9,582.9,585.1,141140.0
2025-12-09,587.0,591.55,583.9,585.2,156890.0
2025-12-10,591.55,592.35,578.75,579.9,96270.0
2025-12-11,584.8,589.75,581.0,589.05,174730.0
2025-12-12,576.0,580.0,572.2,575.05,178450.0
2025-12-15,574.85,576.45,562.0,563.6,185910.0
2025-12-16,566.7,573.7,561.7,573.7,186230.0
2025-12-17,566.95,570.9,562.05,566.15,209490.0
2025-12-18,573.9,576.85,566.85,571.0,173680.0
2025-12-19,580.35,583.7,579.6,583.45,144490.0
2025-12-22,584.0,589.6,583.95,584.85,126560.0
2025-12-23,589.0,589.4,584.2,584.8,108490.0
2025-12-25,587.45,593.15,586.2,589.95,129300.00000000001
2025-12-26,595.6,606.75,594.55,605.35,165640.0
2025-12-29,605.95,610.2,601.9,608.0,138300.0
2026-01-01,608.4,626.25,605.1,625.65,170120.0
2026-01-02,634.35,649.55,633.4,649.2,251360.0
2026-01-05,645.9,660.9,639.05,660.9,252470.0
2026-01-06,667.6,676.3,655.45,664.7,311410.0
2026-01-07,664.3,677.9,656.55,664.4,302720.0
2026-01-08,663.9,671.7,655.85,670.0,201050.0
2026-01-09,679.05,682.1,665.7,674.05,209520.0
2026-01-12,680.5,682.85,674.25,682.0,193540.0
2026-01-13,680.5,686.5,679.05,686.1,170870.0
2026-01-14,683.9,698.85,682.25,698.0,236400.0
2026-01-15,702.0,708.55,697.55,706.1,215640.0
2026-01-16,701.3,718.15,699.4,715.55,218880.0
2026-01-19,713.55,718.2,701.3,707.6,244150.0
2026-01-20,698.3,716.7,694.35,715.45,264040.0
2026-01-21,731.5,734.75,720.2,723.8,280280.0
2026-01-22,728.25,733.5,718.6,728.9,242450.0
2026-01-23,729.5,733.4,719.0,719.4,205070.0
2026-01-26,721.7,746.55,711.55,744.2,230430.0
2026-01-27,755.55,762.45,750.65,760.5,201520.0
2026-01-28,770.6,773.7,742.85,766.25,293710.0
2026-01-29,765.15,784.6,760.6,771.5,267240.0
2026-01-30,753.8,764.0,722.2,722.6,398450.0
2026-02-02,749.5,817.25,749.15,777.0,257440.0
2026-02-03,770.95,792.3,768.5,790.35,229830.0
2026-02-04,769.1,778.3,752.45,759.45,302210.0
2026-02-05,737.85,752.75,717.25,748.6,297890.0
2026-02-06,780.0,787.4,776.5,783.8,214980.0
2026-02-09,783.8,791.95,780.2,781.0,180180.0
2026-02-10,780.8,792.6,772.75,786.1,182870.0
2026-02-11,802.5,817.6,795.8,816.7,231480.0
2026-02-12,811.9,827.95,810.2,814.0,207010.0
2026-02-18,834.9,841.75,830.2,840.25,173070.0
2026-02-19,842.5,860.85,840.45,859.6,167450.0
2026-02-20,877.7,880.95,857.35,867.45,202320.0
2026-02-23,865.45,887.65,854.95,887.2,187930.0
2026-02-24,900.0,914.5,888.65,907.3,202280.0
2026-02-25,915.75,946.85,908.55,946.85,253790.0
2026-02-26,924.3,952.0,919.6,937.8,259490.0
2026-03-02,920.7,923.1,801.0,859.6,304550.0
2026-03-03,821.15,846.7,749.5,761.4,334330.0
2026-03-04,822.3,875.6,816.35,820.0,285990.0
2026-03-05,817.65,832.35,796.85,827.65,179560.0
2026-03-06,761.45,784.0,749.6,771.25,231260.0
2026-03-09,825.45,886.4,804.55,822.15,204590.0
2026-03-10,845.5,855.6,825.35,837.5,176610.0
2026-03-11,825.8,837.65,820.25,825.8,83600.0
2026-03-12,798.0,821.55,794.05,809.25,155890.0
2026-03-13,809.2,827.55,808.25,825.1,149670.0
2026-03-16,852.0,855.2,840.2,844.3,139810.0
2026-03-17,861.55,892.6,861.0,890.7,147090.0
2026-03-18,859.8,880.35,856.75,863.15,153140.0
2026-03-19,874.4,874.4,861.05,862.55,127560.0
2026-03-20,827.95,829.75,800.9,805.0,227330.0
2026-03-23,844.65,848.75,803.9,830.75,212510.0
2026-03-24,841.05,860.35,838.65,841.4,170370.0
2026-03-25,827.9,833.2,808.1,810.2,174000.0
2026-03-26,783.05,811.1,772.6,805.45,165230.0
2026-03-27,770.0,786.65,761.15,781.7,162750.0
2026-03-30,757.0,775.85,746.2,749.25,238150.0
2026-03-31,791.55,823.7,783.9,812.05,228360.0
2026-04-01,826.15,833.35,765.55,779.45,283620.0
2026-04-02,800.2,807.6,791.5,803.45,135360.0
2026-04-03,805.0,824.45,804.45,812.2,155090.0
2026-04-06,834.05,839.4,812.2,824.1,158490.0
2026-04-07,879.0,896.9,871.1,884.55,212660.0
2026-04-08,878.3,883.25,866.2,867.05,152100.0
2026-04-09,885.0,893.8,880.9,883.5,114810.0
2026-04-10,856.25,876.4,856.15,872.0,110820.0
2026-04-13,900.15,911.7,894.85,901.9,122220.0
2026-04-14,933.1,937.6,917.55,924.75,144050.0
2026-04-15,925.95,943.8,925.15,943.8,130020.00000000001
2026-04-16,945.8,946.35,931.4,935.75,102650.0
2026-04-17,936.6,949.5,932.7,939.35,120110.0
2026-04-20,952.2,965.25,950.6,965.1,115390.0
2026-04-21,964.95,969.05,953.25,967.65,120950.0
2026-04-22,978.55,993.75,951.15,979.95,185510.0
2026-04-23,978.7,985.25,963.65,973.95,113900.0
2026-04-24,983.2,1006.05,982.15,996.95,133030.0
2026-04-27,1005.25,1014.9,998.5,1001.9,126690.0
2026-04-28,990.4,1011.1,989.65,1005.25,109040.0
2026-04-29,1011.8,1020.55,995.9,998.5,162830.0
2026-05-01,1020.6,1051.65,1016.45,1050.5,137770.0
2026-05-05,1119.45,1140.2,1102.55,1131.7,199950.0
2026-05-06,1170.95,1174.6,1113.2,1158.7,177380.0
2026-05-07,1159.0,1214.6,1153.25,1153.25,29830.0
2026-05-08,1212.7,1248.6,1152.05,1214.25,259589.99999999997
2026-05-11,1183.0,1223.4,1128.5,1186.0,198460.0
2026-05-12,1228.0,1249.2,1198.95,1222.25,166050.0
2026-05-13,1242.15,1256.4,1145.9,1245.5,202190.0
2026-05-14,1165.3,1194.2,1110.6,1172.7,208410.0
2026-05-15,1179.95,1186.65,1171.95,1171.95,1190.0
2026-05-18,1179.95,1200.6,1112.4,1137.0,206730.0
2026-05-19,1136.95,1175.05,1100.0,1125.95,203140.0
2026-05-20,1136.9,1228.55,1134.0,1228.0,201650.0
2026-05-21,1223.0,1243.3,1204.8,1228.15,129240.00000000001
2026-05-22,1228.25,1278.75,1210.05,1267.4,129539.99999999999
2026-05-26,1268.2,1344.55,1267.0,1302.7,192720.0
2026-05-27,1315.9,1337.5,1237.5,1294.25,219050.0
2026-05-28,1292.9,1351.2,1278.3,1350.0,161950.0
2026-05-29,1352.0,1420.5,1342.2,1417.7,153940.0
2026-06-01,1416.4,1451.05,1360.0,1409.95,175970.0
2026-06-02,1413.5,1444.65,1405.5,1434.95,18450.0
